community_id,community_name,primary_game,secondary_game,genre,member_count,active_players,year_founded,region,country_of_origin,language,tournaments_hosted,top_player_rank,social_media_platforms,community_tier,discord_server_size,reddit_community_size,avg_member_age,coaching_staff,content_creators,primary_platform,incomplete_record_flag,discord_to_reddit_ratio,region_activity_rank,above_region_avg,engagement_ratio,tier_score,age_group,community_age,total_social_presence,has_coaching,has_multiple_platforms,log_member_count,tournament_intensity,top_player_tier
1,Nitro Wolves,Valorant,PUBG: Battlegrounds,FPS,421,243,2020,OC,Australia,English,0,6846,1,Amateur,375,133,17.1,0.0,2,Reddit,False,2.819548872180451,12.0,False,0.5771971496437055,1,Teen,6,2508,False,True,6.045005314036012,0.0,Low
2,Arcane Wolves,League of Legends,,MOBA,166,77,2019,Unknown,United States,English,0,6846,1,Amateur,135,0,21.9,0.0,1,Reddit,False,0.0,78.0,False,0.463855421686747,1,Young Adult,7,1135,False,False,5.117993812416755,0.0,Low
3,Storm Front,Rainbow Six Siege,StarCraft II,FPS,115,36,2016,AS,China,Korean,0,2523,3,Amateur,78,38,26.1,0.0,0,Discord,False,2.0526315789473686,65.0,False,0.3130434782608696,1,Adult,10,116,False,True,4.7535901911063645,0.0,High
4,Frost Warriors,Valorant,Fortnite,FPS,181,104,2020,AS,Singapore,Korean,6,2523,2,Professional,164,0,17.3,3.0,14,Discord,False,0.0,51.0,False,0.574585635359116,3,Teen,6,14164,True,False,5.204006687076795,33.149171270718234,High
5,Frozen North,Apex Legends,Dota 2,Battle Royale,2800,1056,2019,AS,South Korea,Japanese,5,2523,5,Semi-Pro,1894,0,25.9,0.0,3,Discord,False,0.0,15.0,False,0.37714285714285717,2,Adult,7,4894,False,False,7.937731775260109,1.7857142857142858,High
6,Eco Force,CS2,Smite,FPS,1078,345,2022,EU,Netherlands,English,11,789,2,Professional,909,372,22.5,3.0,8,Twitch,False,2.443548387096774,35.0,False,0.3200371057513915,3,Young Adult,4,9281,True,True,6.983789965258135,10.204081632653061,High
7,Hellfire,Valorant,StarCraft II,FPS,332,131,2020,EU,Denmark,French,9,789,4,Professional,219,95,24.8,4.0,6,Twitch,False,2.305263157894737,56.0,False,0.39457831325301207,3,Young Adult,6,6314,True,True,5.808142489980444,27.10843373493976,High
8,Iron Wolves,Valorant,,FPS,3085,1149,2020,Unknown,United States,English,0,3141,4,Semi-Pro,1417,0,17.2,1.0,1,Discord,False,0.0,21.0,False,0.3724473257698541,2,Teen,6,2417,True,False,8.034631032923107,0.0,Medium
9,Clutch Factor,Apex Legends,,Battle Royale,1259,614,2020,OC,Australia,English,0,4648,4,Amateur,989,0,21.6,0.0,1,Discord,False,0.0,5.0,False,0.48768864177918986,1,Young Adult,6,1989,False,False,7.138866999945524,0.0,Medium
10,Speed Demons,Final Fantasy XIV,League of Legends,MMORPG,8635,2004,2020,Unknown,United States,English,1,4648,3,Semi-Pro,6450,0,26.4,0.0,1,Twitch,False,0.0,15.0,True,0.2320787492762015,2,Adult,6,7450,False,False,9.063694791634697,0.11580775911986103,Medium
11,Raging Bulls,Call of Duty: Warzone,Smite,FPS,3020,975,2022,EU,Denmark,German,11,2960,3,Semi-Pro,2803,547,24.1,1.0,3,Discord,False,5.124314442413163,14.0,True,0.3228476821192053,2,Young Adult,4,6350,True,True,8.013343181386672,3.642384105960265,Medium
12,Iron Tide,Overwatch 2,,FPS,913,451,2021,AS,Singapore,Chinese,0,5901,4,Amateur,586,169,24.3,0.0,0,Discord,False,3.467455621301775,20.0,False,0.4939759036144578,1,Young Adult,5,755,False,True,6.81783057145415,0.0,Low
13,Byte Force,Rocket League,Fortnite,Sports,9665,3270,2016,EU,Netherlands,French,3,5901,4,Semi-Pro,8945,0,23.3,0.0,1,Discord,False,0.0,3.0,True,0.33833419555095706,2,Young Adult,10,9945,False,False,9.17636985240503,0.3103983445421625,Low
14,Ace Pack,Valorant,Fortnite,FPS,50,26,2020,Unknown,United States,Spanish,0,2617,2,Amateur,50,10,31.8,0.0,1,Twitter/X,False,5.0,88.0,False,0.52,1,Adult,6,1060,False,True,3.9318256327243257,0.0,High
15,Neon Riders,Dota 2,,MOBA,1099,284,2017,SA,Chile,Portuguese,0,2617,3,Amateur,577,0,26.0,0.0,2,YouTube,False,0.0,12.0,False,0.2584167424931756,1,Adult,9,2577,False,False,7.003065458786462,0.0,High
16,Neon Wolves,Rainbow Six Siege,Rocket League,FPS,560,295,2018,Unknown,Canada,English,0,6993,4,Amateur,491,152,22.6,0.0,0,Twitch,False,3.2302631578947367,48.0,False,0.5267857142857143,1,Young Adult,8,643,False,True,6.329720905522696,0.0,Low
17,Thundercats,Overwatch 2,Valorant,FPS,1663,824,2016,EU,Poland,English,4,6993,4,Semi-Pro,1016,0,26.0,0.0,0,Discord,False,0.0,19.0,False,0.4954900781719784,2,Adult,10,1016,False,False,7.416979621381154,2.4052916416115453,Low
18,Lunar Strike,Final Fantasy XIV,Valorant,MMORPG,213,157,2016,SA,Argentina,Portuguese,0,6993,4,Amateur,192,51,27.8,0.0,0,Discord,False,3.764705882352941,24.0,False,0.7370892018779343,1,Adult,10,243,False,True,5.365976015021851,0.0,Low
19,Flash Clan,League of Legends,Tekken 8,MOBA,178,77,2016,Unknown,Canada,Spanish,0,6993,0,Amateur,143,0,21.4,0.0,1,Twitch,False,0.0,78.0,False,0.43258426966292135,1,Young Adult,10,1143,False,False,5.187385805840755,0.0,Low
20,Sunfire,Call of Duty: Warzone,,FPS,115,61,2023,EU,Russia,German,0,6993,4,Amateur,52,0,20.5,0.0,0,Discord,False,0.0,69.0,False,0.5304347826086957,1,Young Adult,3,52,False,False,4.7535901911063645,0.0,Low
21,Black Hole Squad,Valorant,Call of Duty: Warzone,FPS,3842,1341,2023,OC,Australia,English,6,3992,5,Semi-Pro,2996,482,22.6,1.0,0,YouTube,False,6.215767634854772,3.0,True,0.34903695991671,2,Young Adult,3,3478,True,True,8.254008590564844,1.5616866215512752,Medium
22,Solar Monks,Overwatch 2,World of Warcraft,FPS,1089,500,2016,AF,Turkey,Arabic,12,7197,2,Semi-Pro,788,353,24.9,0.0,0,Discord,False,2.2322946175637393,10.0,False,0.4591368227731864,2,Young Adult,10,1141,False,True,6.993932975223189,11.019283746556475,Low
23,Packet Loss,League of Legends,,MOBA,1054,505,2016,OC,New Zealand,English,0,7197,2,Amateur,799,78,22.2,0.0,1,Discord,False,10.243589743589743,6.0,False,0.4791271347248577,1,Young Adult,10,1877,False,True,6.961296045910167,0.0,Low
24,Thunder Legion,Tekken 8,Valorant,Fighting,1844,670,2024,Unknown,Mexico,English,0,7197,3,Amateur,786,0,26.6,0.0,1,Discord,False,0.0,30.0,False,0.3633405639913232,1,Adult,2,1786,False,False,7.520234556474628,0.0,Low
25,Pixel Storm,Rainbow Six Siege,,FPS,147,71,2016,Unknown,Canada,English,0,7197,3,Amateur,60,16,23.2,0.0,1,Twitch,False,3.75,81.0,False,0.48299319727891155,1,Young Adult,10,1076,False,True,4.997212273764115,0.0,Low
26,Midnight Blade,Apex Legends,,Battle Royale,533,203,2019,AS,Taiwan,Korean,0,5007,3,Amateur,269,132,22.5,0.0,0,Discord,False,2.037878787878788,39.0,False,0.3808630393996248,1,Young Adult,7,401,False,True,6.280395838960195,0.0,Medium
27,Flick Masters,Fortnite,World of Warcraft,Battle Royale,367,164,2018,Unknown,United States,Spanish,0,2230,4,Amateur,233,46,17.4,0.0,2,Discord,False,5.065217391304348,62.0,False,0.44686648501362397,1,Teen,8,2279,False,True,5.908082938168931,0.0,High
28,Galaxy Pact,Apex Legends,,Battle Royale,656,174,2019,SA,Brazil,Portuguese,0,9128,3,Amateur,0,120,22.1,0.0,0,Reddit,False,0.0,23.0,False,0.2652439024390244,1,Young Adult,7,120,False,False,6.48768401848461,0.0,Low
29,Reaper Crew,CS2,,FPS,68819,8596,2019,AS,Taiwan,Chinese,0,441,7,Elite,90433,10853,22.6,7.0,0,Discord,False,8.332534783009306,4.0,True,0.12490736569842631,4,Young Adult,7,101286,True,True,11.13924967935147,0.0,High
30,War Eagles,Call of Duty: Warzone,,FPS,92,58,2023,AS,Singapore,Chinese,6,8058,1,Semi-Pro,80,10,20.8,2.0,0,Discord,False,8.0,58.0,False,0.6304347826086957,2,Young Adult,3,90,True,True,4.532599493153256,65.21739130434783,Low
31,Neon Flash,Call of Duty: Warzone,Tekken 8,FPS,674,377,2020,Unknown,United States,English,0,8058,1,Amateur,395,121,27.4,0.0,1,Discord,False,3.2644628099173554,39.0,False,0.5593471810089021,1,Adult,6,1516,False,True,6.51471269087253,0.0,Low
32,Entry Fraggers,League of Legends,,MOBA,573,287,2018,AS,South Korea,English,0,8058,2,Amateur,536,0,22.1,0.0,1,Twitch,False,0.0,32.0,False,0.5008726003490401,1,Young Adult,8,1536,False,False,6.352629396319567,0.0,Low
33,Dark Energy,Rocket League,,Sports,105,41,2020,EU,Netherlands,English,0,8058,4,Amateur,90,21,29.6,0.0,0,Discord,False,4.285714285714286,75.0,False,0.3904761904761905,1,Adult,6,111,False,True,4.663439094112067,0.0,Low
34,Primal Rage,League of Legends,Rocket League,MOBA,607,174,2013,EU,United Kingdom,English,2,1521,3,Amateur,348,66,24.6,0.0,0,Discord,False,5.2727272727272725,51.0,False,0.28665568369028005,1,Young Adult,13,414,False,True,6.410174881966167,3.2948929159802307,High
35,Equinox Force,CS2,World of Warcraft,FPS,2338,1228,2023,OC,Australia,English,0,3916,3,Semi-Pro,1303,623,23.1,0.0,2,Discord,False,2.091492776886035,4.0,False,0.525235243798118,2,Young Adult,3,3926,False,True,7.757478766584179,0.0,Medium
36,Broken Arrow_real,Rocket League,,Sports,164,89,2016,Unknown,United States,Spanish,0,7434,4,Amateur,134,34,25.9,0.0,2,Discord,False,3.9411764705882355,76.0,False,0.5426829268292683,1,Adult,10,2168,False,True,5.10594547390058,0.0,Low
37,War Hammer,CS2,League of Legends,FPS,13712,3220,2018,Unknown,United States,English,0,5267,6,Semi-Pro,7141,1017,14.0,2.0,3,Twitter/X,False,7.021632251720748,8.0,True,0.23483080513418902,2,Teen,8,11158,True,True,9.526099566999854,0.0,Medium
38,Starfall,Tekken 8,Apex Legends,Fighting,1873,782,2024,EU,France,Spanish,5,3612,2,Semi-Pro,1601,375,29.6,0.0,4,Discord,False,4.269333333333333,21.0,True,0.4175120128136679,2,Adult,2,5976,False,True,7.535830462798367,2.6695141484249865,Medium
39,Black Ops Unit,Apex Legends,,Battle Royale,289,153,2019,EU,Poland,German,0,3612,1,Amateur,273,0,14.0,0.0,0,Discord,False,0.0,54.0,False,0.5294117647058824,1,Teen,7,273,False,False,5.66988092298052,0.0,Medium
40,Warp Riders,League of Legends,Tekken 8,MOBA,11475,1956,2019,EU,Sweden,English,6,5179,5,Semi-Pro,9886,3076,26.6,2.0,0,Twitter/X,False,3.2139141742522757,5.0,True,0.17045751633986927,2,Adult,7,12962,True,True,9.348013177101256,0.5228758169934641,Medium
41,Desert Fox,League of Legends,,MOBA,803,374,2023,OC,Australia,English,6,5179,3,Semi-Pro,427,0,25.0,2.0,1,Twitch,False,0.0,11.0,False,0.4657534246575342,2,Young Adult,3,1427,True,False,6.6895992691789665,7.4719800747198,Medium
42,Crossfire Unit,Smite,League of Legends,MOBA,191,128,2020,AS,South Korea,English,0,9843,2,Amateur,81,0,24.1,0.0,0,Discord,False,0.0,47.0,False,0.6701570680628273,1,Young Adult,6,81,False,False,5.2574953720277815,0.0,Low
43,Havoc Unit,Rocket League,,Sports,210,110,2024,Unknown,United States,English,0,4174,1,Amateur,178,29,22.4,0.0,2,Twitter/X,False,6.137931034482759,72.0,False,0.5238095238095238,1,Young Adult,2,2207,False,True,5.351858133476067,0.0,Medium
44,Iron Sharks,World of Warcraft,Tekken 8,MMORPG,3074,926,2010,SA,Brazil,Portuguese,1,4174,2,Semi-Pro,1684,831,32.6,2.0,1,YouTube,False,2.02647412755716,8.0,True,0.30123617436564737,2,Adult,16,3515,True,True,8.031060180240619,0.3253090435914119,Medium
45,Solar Ascent,Valorant,Call of Duty: Warzone,FPS,10459,2863,2020,Unknown,United States,Spanish,0,4174,6,Semi-Pro,6265,0,22.9,0.0,5,Discord,False,0.0,10.0,True,0.27373553877043694,2,Young Adult,6,11265,False,False,9.255313737618915,0.0,Medium
46,Input Lag,Valorant,,FPS,50,18,2021,EU,Sweden,English,0,2536,2,Amateur,50,15,22.7,0.0,0,YouTube,False,3.3333333333333335,86.0,False,0.36,1,Young Adult,5,65,False,True,3.9318256327243257,0.0,High
47,Typhoon,World of Warcraft,,MMORPG,3839,1285,2021,EU,Spain,Russian,0,2536,3,Semi-Pro,1906,0,27.3,0.0,0,Discord,False,0.0,8.0,True,0.33472258400625166,2,Adult,5,1906,False,False,8.253227645581772,0.0,High
48,Momentum Pack,Fortnite,Valorant,Battle Royale,595,279,2018,SA,Colombia,Spanish,3,2536,1,Semi-Pro,480,49,22.0,2.0,4,Reddit,False,9.795918367346939,13.0,False,0.4689075630252101,2,Young Adult,8,4529,True,True,6.39024066706535,5.042016806722689,High
49,Ghost Wolves,CS2,,FPS,508,202,2015,AS,China,Chinese,0,2536,4,Amateur,271,0,26.4,0.0,0,YouTube,False,0.0,40.0,False,0.39763779527559057,1,Adult,11,271,False,False,6.2324480165505225,0.0,High
50,Viper Strike,Dota 2,Overwatch 2,MOBA,58,38,2020,SA,Brazil,Portuguese,0,2536,1,Amateur,50,0,23.0,0.0,1,Discord,False,0.0,39.0,False,0.6551724137931034,1,Young Adult,6,1050,False,False,4.07753744390572,0.0,High
51,Phantom Strike,CS2,,FPS,50,23,2024,Unknown,Mexico,Spanish,0,2536,2,Amateur,50,0,22.2,0.0,0,Discord,False,0.0,89.0,False,0.46,1,Young Adult,2,50,False,False,3.9318256327243257,0.0,High
52,Impact Wolves,Valorant,PUBG: Battlegrounds,FPS,652,271,2020,EU,Russia,English,2,2536,4,Amateur,429,82,22.0,0.0,2,YouTube,False,5.2317073170731705,39.0,False,0.4156441717791411,1,Young Adult,6,2511,False,True,6.481577129276431,3.067484662576687,High
53,Dragon Scale,Call of Duty: Warzone,,FPS,754,263,2021,AF,Saudi Arabia,English,0,4249,4,Amateur,393,243,19.1,0.0,0,YouTube,False,1.617283950617284,12.0,False,0.34880636604774534,1,Young Adult,5,636,False,True,6.626717749249025,0.0,Medium
54,Ghost Protocol,Valorant,Final Fantasy XIV,FPS,50,18,2020,SA,Chile,Portuguese,4,8099,3,Semi-Pro,50,10,22.6,2.0,1,Reddit,False,5.0,43.0,False,0.36,2,Young Adult,6,1060,True,True,3.9318256327243257,80.0,Low
55,Dusk Raiders,Rainbow Six Siege,StarCraft II,FPS,637,305,2020,AS,Japan,Chinese,0,8099,2,Amateur,449,159,15.7,0.0,2,Discord,False,2.8238993710691824,29.0,False,0.478806907378336,1,Teen,6,2608,False,True,6.45833828334479,0.0,Low
56,Sky Wolves,Dota 2,Rainbow Six Siege,MOBA,13592,3900,2023,Unknown,United States,English,7,4183,0,Semi-Pro,10625,0,22.6,1.0,0,Reddit,False,0.0,7.0,True,0.2869334902884049,2,Young Adult,3,10625,True,False,9.517310233335248,0.5150088287227781,Medium
57,Arcane Brotherhood,Rocket League,,Sports,3994,1059,2023,SA,Brazil,Portuguese,0,8550,5,Semi-Pro,2008,0,16.5,0.0,1,Twitch,False,0.0,6.0,True,0.26514772158237354,2,Teen,3,3008,False,False,8.292798858200374,0.0,Low
58,Plateau Riders,Smite,,MOBA,1875,680,2016,EU,Germany,German,0,8550,3,Amateur,952,142,19.6,0.0,1,Discord,False,6.704225352112676,22.0,True,0.3626666666666667,1,Young Adult,10,2094,False,True,7.53689712956617,0.0,Low
59,Savage Storm,Rainbow Six Siege,Call of Duty: Warzone,FPS,117,82,2016,AS,Japan,Chinese,3,5904,2,Semi-Pro,102,0,29.3,0.0,5,Discord,False,0.0,53.0,False,0.7008547008547008,2,Adult,10,5102,False,False,4.770684624465665,25.64102564102564,Low
60,Shadow Reapers,Overwatch 2,,FPS,330,86,2022,SA,Argentina,Portuguese,0,8762,3,Amateur,144,0,20.5,0.0,1,Discord,False,0.0,33.0,False,0.2606060606060606,1,Young Adult,4,1144,False,False,5.802118375377063,0.0,Low
61,Helix Hunters,League of Legends,CS2,MOBA,7782,2466,2021,AF,Egypt,Arabic,0,1889,4,Semi-Pro,5162,1247,23.8,2.0,3,Discord,False,4.1395348837209305,3.0,True,0.31688511950655357,2,Young Adult,5,9409,True,True,8.959697146959389,0.0,High
62,Spike Rush,Rainbow Six Siege,Dota 2,FPS,235,129,2018,EU,Sweden,English,0,9123,2,Amateur,158,0,27.9,0.0,2,Discord,False,0.0,57.0,False,0.548936170212766,1,Adult,8,2158,False,False,5.4638318050256105,0.0,Low
63,Crystal Spire,Overwatch 2,Call of Duty: Warzone,FPS,102,42,2016,SA,Colombia,Portuguese,0,8748,2,Amateur,56,0,24.8,0.0,2,Discord,False,0.0,38.0,False,0.4117647058823529,1,Young Adult,10,2056,False,False,4.634728988229636,0.0,Low
64,Eclipse Hunters,Overwatch 2,,FPS,5950,1927,2021,Unknown,Canada,English,6,393,2,Professional,2574,458,17.3,3.0,12,Twitch,False,5.620087336244541,16.0,True,0.3238655462184874,3,Teen,5,15032,True,True,8.691314551644853,1.0084033613445378,High
65,Eclipse Hunters,Street Fighter 6,Tekken 8,Fighting,1265,408,2023,EU,Russia,Russian,0,3097,3,Amateur,1167,212,26.1,0.0,2,Twitter/X,False,5.504716981132075,34.0,False,0.32252964426877473,1,Adult,3,3379,False,True,7.143617602704121,0.0,Medium
66,Neon Surge,Street Fighter 6,PUBG: Battlegrounds,Fighting,7339,1265,2023,Unknown,Mexico,English,0,2060,5,Semi-Pro,6002,717,14.1,0.0,5,Reddit,False,8.370990237099024,20.0,True,0.17236680746695734,2,Teen,3,11719,False,True,8.901094121608562,0.0,High
67,Solstice Squad,Apex Legends,League of Legends,Battle Royale,922,379,2019,AS,South Korea,Chinese,2,2060,1,Amateur,400,0,23.2,0.0,0,Discord,False,0.0,24.0,False,0.41106290672451196,1,Young Adult,7,400,False,False,6.827629234502852,2.1691973969631237,High
68,Velocity,Rocket League,,Sports,440,222,2020,AS,Japan,Chinese,8,4659,3,Semi-Pro,247,0,24.1,0.0,2,Discord,False,0.0,37.0,False,0.5045454545454545,2,Young Adult,6,2247,False,False,6.089044875446846,18.181818181818183,Medium
69,Dark Matter,Valorant,StarCraft II,FPS,207,93,2020,EU,Germany,English,0,1029,2,Amateur,145,21,21.7,0.0,2,Reddit,False,6.904761904761905,66.0,False,0.4492753623188406,1,Young Adult,6,2166,False,True,5.337538079701318,0.0,High
70,Forest Wolves,PUBG: Battlegrounds,Rainbow Six Siege,Battle Royale,19467,3384,2017,AS,Japan,English,0,1029,5,Professional,10386,0,19.9,2.0,6,Discord,False,0.0,8.0,True,0.17383263985205732,3,Young Adult,9,16386,True,False,9.876527370953346,0.0,High
71,Storm Hawks,Apex Legends,PUBG: Battlegrounds,Battle Royale,1777,646,2019,EU,Russia,Spanish,0,4999,2,Amateur,1553,0,25.0,0.0,0,Discord,False,0.0,25.0,True,0.3635340461451885,1,Young Adult,7,1553,False,False,7.48324441607385,0.0,Medium
72,Stellar Blaze,Overwatch 2,Street Fighter 6,FPS,170,119,2016,EU,Russia,Russian,0,4603,4,Amateur,123,0,22.0,0.0,2,Discord,False,0.0,59.0,False,0.7,1,Young Adult,10,2123,False,False,5.14166355650266,0.0,Medium
73,Warpath,Final Fantasy XIV,Dota 2,MMORPG,15277,5303,2017,AS,China,Korean,0,286,4,Professional,8725,0,27.0,2.0,9,Reddit,False,0.0,6.0,True,0.3471231262682464,3,Adult,9,17725,True,False,9.634169164101305,0.0,High
74,Orbital Strike,Valorant,Rainbow Six Siege,FPS,581,246,2020,Unknown,Canada,Spanish,0,5734,3,Amateur,448,84,16.0,0.0,0,YouTube,False,5.333333333333333,53.0,False,0.423407917383821,1,Teen,6,532,False,True,6.366470447731438,0.0,Low
75,Sky Titans,CS2,Rocket League,FPS,374,149,2016,SA,Brazil,Portuguese,0,5734,2,Amateur,227,106,16.3,0.0,1,Discord,False,2.141509433962264,25.0,False,0.3983957219251337,1,Teen,10,1333,False,True,5.926926025970411,0.0,Low
76,Shadow Council,Fortnite,,Battle Royale,1486,671,2024,EU,Netherlands,Russian,3,5734,4,Semi-Pro,0,0,22.5,2.0,3,Twitter/X,False,0.0,24.0,False,0.4515477792732167,2,Young Adult,2,3000,True,False,7.304515946460155,2.018842530282638,Low
77,Emerald Legion,CS2,Street Fighter 6,FPS,50,31,2024,SA,Chile,Spanish,5,5734,2,Semi-Pro,50,0,20.6,2.0,2,YouTube,False,0.0,40.0,False,0.62,2,Young Adult,2,2050,True,False,3.9318256327243257,100.0,Low
78,Night Stalker,Rocket League,Apex Legends,Sports,500,104,2019,EU,Russia,English,7,5734,4,Semi-Pro,457,0,25.5,2.0,2,Reddit,False,0.0,64.0,False,0.208,2,Adult,7,2457,True,False,6.2166061010848646,14.0,Low
79,Pale Riders,Fortnite,,Battle Royale,443,257,2020,EU,Spain,French,0,564,2,Amateur,197,69,22.6,0.0,1,Discord,False,2.8550724637681157,40.0,False,0.5801354401805869,1,Young Adult,6,1266,False,True,6.095824562432225,0.0,High
80,Antimatter Legion,League of Legends,,MOBA,3071,1034,2018,EU,Netherlands,English,0,564,0,Semi-Pro,2372,1007,18.8,1.0,5,Twitch,False,2.355511420059583,12.0,True,0.3366981439270596,2,Young Adult,8,8379,True,True,8.030084094267563,0.0,High
81,Sakura Blades,Call of Duty: Warzone,Valorant,FPS,2733,923,2020,Unknown,Canada,English,0,564,5,Semi-Pro,1373,189,24.3,2.0,5,Twitch,False,7.264550264550264,24.0,False,0.33772411269667035,2,Young Adult,6,6562,True,True,7.913521017283895,0.0,High
82,Rustic Raiders,World of Warcraft,Valorant,MMORPG,8541,2486,2019,Unknown,United States,Spanish,0,564,2,Semi-Pro,6795,0,31.8,2.0,0,Discord,False,0.0,12.0,True,0.2910666198337431,2,Adult,7,6795,True,False,9.052750451401412,0.0,High
83,Phantom Legion,Rocket League,StarCraft II,Sports,899,239,2019,SA,Brazil,Spanish,0,1840,1,Amateur,491,74,22.8,0.0,0,YouTube,False,6.635135135135135,16.0,False,0.26585094549499444,1,Young Adult,7,565,False,True,6.802394763324311,0.0,High
84,Thunder Clan,Valorant,,FPS,2378,1248,2020,AS,China,Chinese,0,1840,5,Semi-Pro,1363,0,16.2,1.0,2,Twitch,False,0.0,13.0,False,0.5248107653490328,2,Teen,6,3363,True,False,7.774435510302958,0.0,High
85,Crimson Dragon,Rainbow Six Siege,Street Fighter 6,FPS,572,212,2017,Unknown,United States,English,0,1840,4,Amateur,342,0,20.8,0.0,2,Discord,False,0.0,56.0,False,0.3706293706293706,1,Young Adult,9,2342,False,False,6.35088571671474,0.0,High
86,Raider Nation,Overwatch 2,Final Fantasy XIV,FPS,481,172,2016,EU,Germany,French,0,1840,0,Amateur,212,0,17.8,0.0,1,Discord,False,0.0,52.0,False,0.3575883575883576,1,Teen,10,1212,False,False,6.1779441140506,0.0,High
87,Specter Division,League of Legends,Dota 2,MOBA,158,60,2022,AS,China,Chinese,6,2401,3,Semi-Pro,90,51,23.7,1.0,0,Discord,False,1.7647058823529411,57.0,False,0.379746835443038,2,Young Adult,4,141,True,True,5.0689042022202315,37.974683544303794,High
88,Frost Legion,Overwatch 2,World of Warcraft,FPS,187,129,2018,AF,Egypt,Arabic,0,2401,2,Amateur,117,0,19.9,0.0,0,Reddit,False,0.0,16.0,False,0.6898395721925134,1,Young Adult,8,117,False,False,5.236441962829949,0.0,High
89,Rapid Fire,Fortnite,League of Legends,Battle Royale,498,309,2018,Unknown,Canada,Spanish,2,1424,2,Amateur,231,122,17.1,0.0,2,Discord,False,1.8934426229508197,46.0,False,0.6204819277108434,1,Teen,8,2353,False,True,6.212606095751519,4.016064257028113,High
90,Neon Eagles,Rainbow Six Siege,Final Fantasy XIV,FPS,286,155,2018,Unknown,United States,English,0,3078,1,Amateur,241,67,16.8,0.0,0,Discord,False,3.5970149253731343,64.0,False,0.541958041958042,1,Teen,8,308,False,True,5.659482215759621,0.0,Medium
91,Rune Masters,League of Legends,Rocket League,MOBA,550,272,2022,Unknown,United States,English,8,3078,0,Semi-Pro,486,154,27.4,0.0,5,Discord,False,3.155844155844156,51.0,False,0.49454545454545457,2,Adult,4,5640,False,True,6.311734809152915,14.545454545454545,Medium
92,Crimson Pact,PUBG: Battlegrounds,Apex Legends,Battle Royale,2003,576,2019,EU,Netherlands,English,4,3078,4,Semi-Pro,1653,232,25.5,0.0,2,Twitch,False,7.125,26.0,True,0.28756864702945584,2,Adult,7,3885,False,True,7.602900462204755,1.9970044932601096,Medium
93,Chaos Legion,World of Warcraft,,MMORPG,2596,1362,2021,Unknown,United States,English,1,1138,4,Semi-Pro,1133,465,33.2,0.0,2,Discord,False,2.436559139784946,18.0,False,0.524653312788906,2,Adult,5,3598,False,True,7.862112211662748,0.38520801232665636,High
94,Hellstorm,Call of Duty: Warzone,Rocket League,FPS,3185,1104,2020,AS,China,Korean,0,441,2,Semi-Pro,2364,0,19.9,2.0,5,YouTube,False,0.0,14.0,False,0.3466248037676609,2,Young Adult,6,7364,True,False,8.066521490469993,0.0,High
95,Solar Wings,Dota 2,,MOBA,8936,2204,2018,SA,Brazil,Portuguese,0,441,3,Semi-Pro,7546,1888,26.4,2.0,5,Discord,False,3.996822033898305,2.0,True,0.2466427931960609,2,Adult,8,14434,True,True,9.097955241381392,0.0,High
96,Silent Killers,PUBG: Battlegrounds,,Battle Royale,400,254,2017,Unknown,United States,Spanish,0,441,3,Amateur,349,46,21.2,0.0,0,Discord,False,7.586956521739131,52.0,False,0.635,1,Young Adult,9,395,False,True,5.993961427306569,0.0,High
97,Wild Fire,Apex Legends,Fortnite,Battle Royale,811,348,2019,Unknown,United States,English,0,441,3,Amateur,535,43,19.7,0.0,1,Discord,False,12.44186046511628,42.0,False,0.42909987669543775,1,Young Adult,7,1578,False,True,6.699500340161678,0.0,High
98,Fallen Angels,Dota 2,Fortnite,MOBA,31155,5584,2012,Unknown,Canada,Spanish,0,441,3,Professional,19820,0,25.8,1.0,14,Reddit,False,0.0,4.0,True,0.17923286791847215,3,Adult,14,33820,True,False,10.34676212203984,0.0,High
99,Titan Fall,Rocket League,Overwatch 2,Sports,282,110,2012,EU,Sweden,German,5,2546,2,Semi-Pro,227,34,24.3,2.0,2,Discord,False,6.676470588235294,62.0,False,0.3900709219858156,2,Young Adult,14,2261,True,True,5.645446897643238,17.73049645390071,High
100,Void Reapers,Valorant,Smite,FPS,265,167,2020,OC,Australia,English,5,2546,4,Semi-Pro,111,33,18.5,1.0,5,Twitch,False,3.3636363636363638,15.0,False,0.630188679245283,2,Young Adult,6,5144,True,True,5.583496308781699,18.867924528301884,High
101,Tidal Wave,Rainbow Six Siege,PUBG: Battlegrounds,FPS,51,31,2022,EU,Sweden,Spanish,6,2546,4,Semi-Pro,50,10,22.8,1.0,1,Discord,False,5.0,78.0,False,0.6078431372549019,2,Young Adult,4,1060,True,True,3.9512437185814275,117.64705882352942,High
102,Abyssal Lords,Apex Legends,Smite,Battle Royale,255,119,2022,EU,Germany,French,5,2546,3,Semi-Pro,220,60,24.2,1.0,0,Discord,False,3.6666666666666665,59.0,False,0.4666666666666667,2,Young Adult,4,280,True,True,5.545177444479562,19.607843137254903,High
103,Blood Ravens,World of Warcraft,Tekken 8,MMORPG,357,196,2023,EU,United Kingdom,Russian,0,2546,2,Amateur,305,0,34.3,0.0,0,Discord,False,0.0,50.0,False,0.5490196078431373,1,Adult,3,305,False,False,5.8805329864007,0.0,High
104,Blizzard Hawks,PUBG: Battlegrounds,Tekken 8,Battle Royale,52801,11612,2017,AS,Taiwan,Chinese,0,434,0,Professional,34607,8428,23.5,3.0,5,YouTube,False,4.106193640246796,3.0,True,0.2199200772712638,3,Young Adult,9,48035,True,True,10.874304347764848,0.0,High
105,Frost Bite,Apex Legends,Dota 2,Battle Royale,1344,472,2019,Unknown,United States,English,3,434,3,Semi-Pro,919,0,18.7,1.0,0,Discord,False,0.0,35.0,False,0.35119047619047616,2,Young Adult,7,919,True,False,7.20414929203594,2.232142857142857,High
106,Pulse Nation,Rainbow Six Siege,,FPS,68819,23727,2016,AS,China,Japanese,0,434,4,Elite,95596,0,19.7,8.0,28,Twitch,False,0.0,1.0,True,0.3447739723041602,4,Young Adult,10,123596,True,False,11.13924967935147,0.0,High
107,Pyro Clan,World of Warcraft,Valorant,MMORPG,190,85,2015,Unknown,Mexico,English,0,4276,4,Amateur,89,0,22.6,0.0,2,Reddit,False,0.0,77.0,False,0.4473684210526316,1,Young Adult,11,2089,False,False,5.25227342804663,0.0,Medium
108,Arctic Fury,World of Warcraft,,MMORPG,50,28,2015,AF,Saudi Arabia,English,0,468,3,Amateur,50,10,28.8,0.0,2,Discord,False,5.0,21.0,False,0.56,1,Adult,11,2060,False,True,3.9318256327243257,0.0,High
109,Cosmos Legion,Apex Legends,,Battle Royale,306,115,2019,Unknown,Mexico,Spanish,6,468,3,Semi-Pro,233,0,20.4,0.0,3,Discord,False,0.0,70.0,False,0.3758169934640523,2,Young Adult,7,3233,False,False,5.726847747587197,19.607843137254903,High
110,Feral Instinct,Dota 2,Smite,MOBA,2903,1339,2022,AF,Nigeria,English,5,468,5,Semi-Pro,1359,515,22.9,1.0,4,YouTube,False,2.6388349514563108,6.0,False,0.4612469858766793,2,Young Adult,4,5874,True,True,7.973844375944687,1.722356183258698,High
111,Noble Guard,League of Legends,,MOBA,660,284,2022,Unknown,Mexico,English,0,5861,2,Amateur,357,129,23.2,0.0,2,Discord,False,2.7674418604651163,50.0,False,0.4303030303030303,1,Young Adult,4,2486,False,True,6.493753839851686,0.0,Low
112,Polar Bears,Valorant,Rocket League,FPS,818,387,2022,Unknown,Canada,English,6,943,2,Professional,380,0,22.3,3.0,12,YouTube,False,0.0,38.0,False,0.4731051344743276,3,Young Adult,4,12380,True,False,6.70808408385307,7.334963325183375,High
113,Steel Phoenix,Tekken 8,Rainbow Six Siege,Fighting,99,66,2024,OC,Australia,English,0,1264,3,Amateur,50,11,22.6,0.0,0,Discord,False,4.545454545454546,19.0,False,0.6666666666666666,1,Young Adult,2,61,False,True,4.605170185988092,0.0,High
114,Kinetic Energy,Call of Duty: Warzone,StarCraft II,FPS,356,197,2020,SA,Brazil,Portuguese,0,1264,2,Amateur,209,69,26.9,0.0,0,Discord,False,3.028985507246377,20.0,False,0.5533707865168539,1,Adult,6,278,False,True,5.877735781779639,0.0,High
115,Steel Vanguard,League of Legends,PUBG: Battlegrounds,MOBA,106,34,2021,Unknown,United States,English,0,1264,2,Amateur,50,0,22.1,0.0,1,Discord,False,0.0,86.0,False,0.32075471698113206,1,Young Adult,5,1050,False,False,4.672828834461906,0.0,High
116,Blade Storm,Dota 2,StarCraft II,MOBA,6606,867,2021,EU,Russia,Spanish,6,1264,3,Professional,3811,1145,20.1,3.0,10,Discord,False,3.3283842794759826,18.0,True,0.13124432334241598,3,Young Adult,5,14956,True,True,8.795884972029885,0.9082652134423251,High
117,Canyon Dragons,Overwatch 2,Call of Duty: Warzone,FPS,543,245,2020,Unknown,United States,Spanish,0,8907,4,Amateur,493,0,21.7,0.0,0,Discord,False,0.0,54.0,False,0.45119705340699817,1,Young Adult,6,493,False,False,6.298949246855942,0.0,Low
118,Ghost Fire,Valorant,PUBG: Battlegrounds,FPS,650,289,2022,AS,Singapore,Korean,0,406,4,Amateur,416,88,23.4,0.0,0,Twitch,False,4.7272727272727275,31.0,False,0.44461538461538463,1,Young Adult,4,504,False,True,6.478509642208569,0.0,High
119,Raven Guard,CS2,,FPS,275,100,2015,Unknown,United States,English,4,406,4,Semi-Pro,142,0,15.7,2.0,2,Discord,False,0.0,74.0,False,0.36363636363636365,2,Teen,11,2142,True,False,5.62040086571715,14.545454545454545,High
120,Raging Tempest,Apex Legends,,Battle Royale,352,180,2024,AS,China,Korean,3,6050,2,Semi-Pro,0,0,28.2,1.0,2,Twitter/X,False,0.0,43.0,False,0.5113636363636364,2,Adult,2,2000,True,False,5.8664680569332965,8.522727272727273,Low
121,Dark Current,Valorant,,FPS,225,87,2020,SA,Colombia,Spanish,0,6050,2,Amateur,170,0,21.8,0.0,1,Twitch,False,0.0,32.0,False,0.38666666666666666,1,Young Adult,6,1170,False,False,5.420534999272286,0.0,Low
122,Comet Strike,Smite,Apex Legends,MOBA,1170,501,2018,OC,Australia,English,0,8870,2,Amateur,667,315,21.6,0.0,2,Reddit,False,2.1174603174603175,7.0,False,0.4282051282051282,1,Young Adult,8,2982,False,True,7.065613363597717,0.0,Low
123,Iron Fist,Valorant,,FPS,822,226,2021,EU,United Kingdom,Russian,0,9051,3,Amateur,361,0,21.3,0.0,2,Discord,False,0.0,45.0,False,0.2749391727493917,1,Young Adult,5,2361,False,False,6.71295620067707,0.0,Low
124,Thunder Hawks,Overwatch 2,Apex Legends,FPS,1697,538,2017,EU,United Kingdom,Spanish,0,6132,1,Amateur,0,368,26.2,0.0,0,Twitch,False,0.0,27.0,False,0.3170300530347672,1,Adult,9,368,False,False,7.437206366871292,0.0,Low
125,Lunar Wolves,CS2,World of Warcraft,FPS,291,199,2022,SA,Brazil,Portuguese,0,5476,4,Amateur,241,95,17.4,0.0,1,Reddit,False,2.536842105263158,19.0,False,0.6838487972508591,1,Teen,4,1336,False,True,5.676753802268282,0.0,Medium
126,Gorge Wolves,Fortnite,Tekken 8,Battle Royale,144,93,2019,EU,Denmark,English,0,5476,4,Amateur,92,45,25.8,0.0,1,Discord,False,2.0444444444444443,66.0,False,0.6458333333333334,1,Adult,7,1137,False,True,4.976733742420574,0.0,Medium
127,Quantum Pact,Rocket League,Final Fantasy XIV,Sports,570,246,2016,EU,Sweden,French,2,5553,4,Amateur,361,182,28.5,0.0,2,Discord,False,1.9835164835164836,41.0,False,0.43157894736842106,1,Adult,10,2543,False,True,6.3473892096560105,3.5087719298245617,Medium
128,Crimson Claw,League of Legends,CS2,MOBA,5088,1259,2016,EU,Spain,English,7,3603,5,Semi-Pro,4269,1568,26.3,0.0,1,Discord,False,2.722576530612245,9.0,True,0.24744496855345913,2,Adult,10,6837,False,True,8.534836626588833,1.3757861635220126,Medium
129,Ember Knights,Call of Duty: Warzone,Rocket League,FPS,1256,719,2020,Unknown,United States,English,0,6891,4,Amateur,724,415,21.9,0.0,1,Discord,False,1.7445783132530122,29.0,False,0.572452229299363,1,Young Adult,6,2139,False,True,7.136483208590247,0.0,Low
130,Pixel Knights,Fortnite,Smite,Battle Royale,303,117,2021,Unknown,United States,Spanish,0,3179,4,Amateur,286,31,25.4,0.0,1,Discord,False,9.225806451612904,68.0,False,0.38613861386138615,1,Adult,5,1317,False,True,5.717027701406222,0.0,Medium
131,Crystal Vanguard,Rocket League,,Sports,179,107,2016,Unknown,United States,English,4,3179,3,Semi-Pro,78,25,22.6,1.0,3,Discord,False,3.12,73.0,False,0.5977653631284916,2,Young Adult,10,3103,True,True,5.19295685089021,22.3463687150838,Medium
132,Blaze Unit,Call of Duty: Warzone,Smite,FPS,2176,673,2020,EU,Denmark,English,0,1890,0,Semi-Pro,1294,521,27.0,2.0,2,Discord,False,2.4836852207293667,23.0,True,0.3092830882352941,2,Adult,6,3815,True,True,7.685703061234547,0.0,High
133,Thermal Force,Rocket League,,Sports,114,77,2024,SA,Brazil,Portuguese,0,9691,4,Amateur,94,23,27.8,0.0,1,Reddit,False,4.086956521739131,34.0,False,0.6754385964912281,1,Adult,2,1117,False,True,4.74493212836325,0.0,Low
134,Iron Ravens,CS2,,FPS,13360,4262,2019,AS,China,Chinese,8,5144,3,Professional,11890,0,23.7,2.0,6,Discord,False,0.0,7.0,True,0.3190119760479042,3,Young Adult,7,17890,True,False,9.500095294588894,0.5988023952095809,Medium
135,Phantom Wolves,Street Fighter 6,StarCraft II,Fighting,832,348,2023,Unknown,United States,Spanish,4,5144,4,Semi-Pro,528,0,22.4,0.0,2,Twitch,False,0.0,42.0,False,0.4182692307692308,2,Young Adult,3,2528,False,False,6.725033642166843,4.8076923076923075,Medium
136,Omega Storm,Fortnite,,Battle Royale,50,30,2024,Unknown,Mexico,Spanish,0,1984,4,Amateur,50,10,22.5,0.0,1,Discord,False,5.0,87.0,False,0.6,1,Young Adult,2,1060,False,True,3.9318256327243257,0.0,High
137,Onyx Legion,Rainbow Six Siege,League of Legends,FPS,69,21,2017,Unknown,Mexico,Spanish,0,1984,1,Amateur,62,23,21.2,0.0,0,Discord,False,2.6956521739130435,90.0,False,0.30434782608695654,1,Young Adult,9,85,False,True,4.248495242049359,0.0,High
138,Night Vision,League of Legends,Street Fighter 6,MOBA,270,76,2022,Unknown,United States,English,8,1984,0,Semi-Pro,216,83,22.9,1.0,0,Discord,False,2.602409638554217,79.0,False,0.2814814814814815,2,Young Adult,4,299,True,True,5.602118820879701,29.629629629629626,High
139,Peak Vanguard,CS2,World of Warcraft,FPS,107,63,2024,Unknown,United States,English,9,1984,4,Semi-Pro,75,0,29.5,1.0,1,Twitter/X,False,0.0,83.0,False,0.5887850467289719,2,Adult,2,1075,True,False,4.68213122712422,84.11214953271028,High
140,Event Horizon,Dota 2,,MOBA,29642,8478,2015,AS,South Korea,Chinese,7,1984,5,Professional,27837,9399,29.7,3.0,3,Discord,False,2.96169805298436,5.0,True,0.2860130895351191,3,Adult,11,40236,True,True,10.296981288863073,0.23615140678766616,High
141,Digital Wolves,Overwatch 2,League of Legends,FPS,118,62,2019,SA,Colombia,Portuguese,0,5644,3,Amateur,100,10,21.1,0.0,2,Twitter/X,False,10.0,35.0,False,0.5254237288135594,1,Young Adult,7,2110,False,True,4.77912349311153,0.0,Medium
142,Wild Charge,Fortnite,Rocket League,Battle Royale,4822,1767,2021,AS,Japan,Korean,0,5644,4,Semi-Pro,3125,1182,17.9,0.0,1,Discord,False,2.643824027072758,10.0,False,0.3664454583160514,2,Teen,5,5307,False,True,8.481151420068972,0.0,Medium
143,Syndicate X,CS2,World of Warcraft,FPS,271,172,2024,EU,Russia,English,4,5644,3,Semi-Pro,208,54,18.9,1.0,1,Discord,False,3.8518518518518516,52.0,False,0.6346863468634686,2,Young Adult,2,1262,True,True,5.605802066295998,14.760147601476014,Medium
144,Blue Flame,Rocket League,Apex Legends,Sports,434,233,2021,AF,Turkey,English,0,5644,1,Amateur,204,0,19.1,0.0,0,Discord,False,0.0,13.0,False,0.5368663594470046,1,Young Adult,5,204,False,False,6.075346031088684,0.0,Medium
145,Quasar Force,PUBG: Battlegrounds,CS2,Battle Royale,1351,507,2020,EU,Poland,Spanish,0,711,4,Amateur,1144,0,20.1,0.0,2,Twitter/X,False,0.0,29.0,False,0.3752775721687639,1,Young Adult,6,3144,False,False,7.20934025660291,0.0,High
146,Blaze Runners,CS2,World of Warcraft,FPS,509,159,2020,Unknown,United States,Spanish,14,711,2,Professional,350,0,22.8,2.0,6,Twitch,False,0.0,63.0,False,0.31237721021611004,3,Young Adult,6,6350,True,False,6.234410725718371,27.504911591355597,High
147,Vortex,Rocket League,Fortnite,Sports,47742,10874,2018,OC,Australia,English,4,1592,6,Professional,39034,8824,29.2,1.0,0,Discord,False,4.423617407071623,1.0,True,0.22776590842444808,3,Adult,8,47858,True,True,10.773587738303867,0.08378367056260735,High
148,Inferno,Rainbow Six Siege,Street Fighter 6,FPS,78,44,2021,AS,Japan,Chinese,0,5606,3,Amateur,63,20,19.5,0.0,0,Discord,False,3.15,61.0,False,0.5641025641025641,1,Young Adult,5,83,False,True,4.3694478524670215,0.0,Medium
149,Shattered Glass,Valorant,StarCraft II,FPS,12225,3950,2020,Unknown,United States,English,0,5606,5,Semi-Pro,11096,0,22.5,2.0,0,Discord,False,0.0,6.0,True,0.3231083844580777,2,Young Adult,6,11096,True,False,9.41132011058867,0.0,Medium
150,Titan Breakers,PUBG: Battlegrounds,StarCraft II,Battle Royale,224,155,2019,AS,South Korea,Korean,7,561,1,Professional,111,77,25.6,1.0,13,Twitch,False,1.4415584415584415,46.0,False,0.6919642857142857,3,Adult,7,13188,True,True,5.41610040220442,31.25,High
151,Thunderclap,Apex Legends,,Battle Royale,408,273,2021,EU,Netherlands,English,0,5039,4,Amateur,272,101,16.1,0.0,1,YouTube,False,2.6930693069306932,38.0,False,0.6691176470588235,1,Teen,5,1373,False,True,6.013715156042802,0.0,Medium
152,Frame Drop,Final Fantasy XIV,Apex Legends,MMORPG,376,193,2020,OC,Australia,English,0,6076,0,Amateur,206,25,34.6,0.0,0,Discord,False,8.24,13.0,False,0.5132978723404256,1,Adult,6,231,False,True,5.932245187448011,0.0,Low
153,Retake Squad,League of Legends,CS2,MOBA,88,40,2018,AS,Japan,Chinese,5,6076,4,Semi-Pro,50,21,21.4,2.0,5,Discord,False,2.380952380952381,63.0,False,0.45454545454545453,2,Young Adult,8,5071,True,True,4.48863636973214,56.81818181818182,Low
154,Neon Phoenix,CS2,Rocket League,FPS,321,167,2020,AS,Japan,Korean,0,6076,2,Amateur,212,53,20.4,0.0,1,Twitter/X,False,4.0,45.0,False,0.5202492211838006,1,Young Adult,6,1265,False,True,5.7745515455444085,0.0,Low
155,Midnight Protocol,Dota 2,,MOBA,56,20,2019,AF,South Africa,Arabic,0,7524,3,Amateur,50,14,21.6,0.0,1,Discord,False,3.5714285714285716,23.0,False,0.35714285714285715,1,Young Adult,7,1064,False,True,4.04305126783455,0.0,Low
156,Crimson Dawn,Final Fantasy XIV,Dota 2,MMORPG,1584,757,2013,Unknown,United States,English,0,7524,3,Amateur,888,532,33.4,0.0,1,Twitter/X,False,1.669172932330827,28.0,False,0.4779040404040404,1,Adult,13,2420,False,True,7.368339686311381,0.0,Low
157,Nebula Wolves,Fortnite,Overwatch 2,Battle Royale,1976,445,2018,EU,Netherlands,Russian,3,3399,3,Semi-Pro,1201,133,14.0,2.0,1,Twitch,False,9.030075187969924,32.0,True,0.22520242914979757,2,Teen,8,2334,True,True,7.589335823170617,1.5182186234817814,Medium
158,Axiom Legion,CS2,Rocket League,FPS,518,244,2020,EU,Netherlands,French,0,3399,3,Amateur,342,0,21.8,0.0,2,Discord,False,0.0,42.0,False,0.47104247104247104,1,Young Adult,6,2342,False,False,6.251903883165888,0.0,Medium
159,Cold Blooded,PUBG: Battlegrounds,Rocket League,Battle Royale,106,77,2017,AS,Taiwan,Korean,0,2476,1,Amateur,84,25,27.3,0.0,1,Discord,False,3.36,55.0,False,0.7264150943396226,1,Adult,9,1109,False,True,4.672828834461906,0.0,High
160,Hyper Drive,Rainbow Six Siege,StarCraft II,FPS,63,33,2016,AS,China,Korean,0,3384,1,Amateur,50,0,23.0,0.0,1,Discord,False,0.0,66.0,False,0.5238095238095238,1,Young Adult,10,1050,False,False,4.1588830833596715,0.0,Medium
161,Azure Titans,PUBG: Battlegrounds,Apex Legends,Battle Royale,702,359,2017,Unknown,Mexico,English,0,3384,2,Amateur,660,134,21.4,0.0,0,Discord,False,4.925373134328358,41.0,False,0.5113960113960114,1,Young Adult,9,794,False,True,6.555356891810665,0.0,Medium
162,Eclipse Corps,Overwatch 2,Dota 2,FPS,290,152,2016,EU,Denmark,French,8,4723,2,Semi-Pro,176,96,20.7,2.0,2,YouTube,False,1.8333333333333333,55.0,False,0.5241379310344828,2,Young Adult,10,2272,True,True,5.673323267171493,27.586206896551726,Medium
163,Desert Storm,Fortnite,PUBG: Battlegrounds,Battle Royale,151,57,2020,AS,Japan,Chinese,0,5261,2,Amateur,85,14,19.7,0.0,2,Discord,False,6.071428571428571,59.0,False,0.37748344370860926,1,Young Adult,6,2099,False,True,5.0238805208462765,0.0,Medium
164,Rush B Collective,Dota 2,Fortnite,MOBA,318,206,2020,EU,Sweden,English,0,5261,3,Amateur,291,0,25.4,0.0,1,YouTube,False,0.0,47.0,False,0.6477987421383647,1,Adult,6,1291,False,False,5.765191102784844,0.0,Medium
165,Fury Road,Rocket League,Overwatch 2,Sports,80,42,2018,SA,Argentina,Portuguese,0,5261,0,Amateur,74,0,17.6,0.0,0,Discord,False,0.0,38.0,False,0.525,1,Teen,8,74,False,False,4.394449154672439,0.0,Medium
166,Pulsar Pack,Valorant,Fortnite,FPS,1306,580,2021,Unknown,Canada,English,0,5261,4,Amateur,1237,372,19.6,0.0,2,Twitter/X,False,3.325268817204301,32.0,False,0.444104134762634,1,Young Adult,5,3609,False,True,7.175489713624222,0.0,Medium
167,Latency Kings,Rainbow Six Siege,Dota 2,FPS,121,60,2022,AF,Nigeria,English,4,5261,1,Semi-Pro,52,41,21.2,0.0,3,Reddit,False,1.2682926829268293,18.0,False,0.49586776859504134,2,Young Adult,4,3093,False,True,4.804021044733257,33.057851239669425,Medium
168,Hyper Wolves,Overwatch 2,Street Fighter 6,FPS,131,43,2016,EU,France,English,4,2607,2,Semi-Pro,103,0,26.1,1.0,3,Discord,False,0.0,73.0,False,0.3282442748091603,2,Adult,10,3103,True,False,4.882801922586371,30.534351145038165,High
169,Shockwave,StarCraft II,,Strategy,318,104,2021,EU,Denmark,Spanish,0,2607,2,Amateur,253,0,20.1,0.0,0,Reddit,False,0.0,64.0,False,0.3270440251572327,1,Young Adult,5,253,False,False,5.765191102784844,0.0,High
170,Titanfall,PUBG: Battlegrounds,,Battle Royale,260,128,2022,SA,Argentina,Spanish,3,4218,1,Semi-Pro,200,0,19.6,0.0,4,Discord,False,0.0,29.0,False,0.49230769230769234,2,Young Adult,4,4200,False,False,5.564520407322694,11.538461538461538,Medium
171,Phoenix Rising,League of Legends,PUBG: Battlegrounds,MOBA,1065,399,2013,AS,Japan,Japanese,0,1256,2,Amateur,789,165,21.0,0.0,0,Twitter/X,False,4.781818181818182,23.0,False,0.37464788732394366,1,Young Adult,13,954,False,True,6.97166860472579,0.0,High
172,Hyper Crest,League of Legends,,MOBA,360,175,2019,Unknown,Canada,Spanish,0,4692,2,Amateur,232,0,38.3,0.0,0,Discord,False,0.0,60.0,False,0.4861111111111111,1,Senior,7,232,False,False,5.8888779583328805,0.0,Medium
173,Photon Pact,Dota 2,Fortnite,MOBA,422,181,2017,Unknown,Canada,English,0,6162,1,Amateur,0,136,22.4,0.0,2,Discord,False,0.0,59.0,False,0.42890995260663506,1,Young Adult,9,2136,False,False,6.0473721790462776,0.0,Low
174,Omega Force,Call of Duty: Warzone,League of Legends,FPS,294,99,2020,SA,Colombia,Portuguese,0,5859,3,Amateur,235,100,17.9,0.0,2,Discord,False,2.35,31.0,False,0.336734693877551,1,Teen,6,2335,False,True,5.68697535633982,0.0,Low
175,Spray Control,Overwatch 2,,FPS,2674,1303,2020,EU,Russia,French,8,5859,5,Semi-Pro,1362,460,16.7,0.0,4,Discord,False,2.9608695652173913,7.0,True,0.48728496634255797,2,Teen,6,5822,False,True,7.891704659330107,2.9917726252804786,Low
176,Summit Guard,Apex Legends,Rocket League,Battle Royale,1870,730,2019,AS,Taiwan,Korean,0,2797,3,Amateur,1317,527,15.8,0.0,1,Discord,False,2.4990512333965844,17.0,False,0.39037433155080214,1,Teen,7,2844,False,True,7.534228326274089,0.0,Medium
177,Venom Squad,CS2,PUBG: Battlegrounds,FPS,178,119,2017,AS,Japan,Chinese,9,5135,1,Professional,85,24,19.5,3.0,4,Twitter/X,False,3.5416666666666665,49.0,False,0.6685393258426966,3,Young Adult,9,4109,True,True,5.187385805840755,50.56179775280899,Medium
178,Flux Order,CS2,PUBG: Battlegrounds,FPS,123,51,2015,EU,Russia,Russian,9,5135,2,Semi-Pro,54,0,18.2,2.0,0,YouTube,False,0.0,71.0,False,0.4146341463414634,2,Young Adult,11,54,True,False,4.820281565605037,73.17073170731707,Medium
179,Neutron Wolves,Rainbow Six Siege,,FPS,5377,1177,2020,SA,Brazil,Spanish,0,5135,2,Semi-Pro,4060,1213,14.7,0.0,0,Discord,False,3.347073371805441,4.0,True,0.21889529477403757,2,Teen,6,5273,False,True,8.59007183682881,0.0,Medium
180,Dark Horizon,Apex Legends,,Battle Royale,50,32,2019,OC,Australia,English,0,6000,3,Amateur,50,0,23.6,0.0,1,Twitter/X,False,0.0,22.0,False,0.64,1,Young Adult,7,1050,False,False,3.9318256327243257,0.0,Low
181,Round Winners,Dota 2,,MOBA,232,98,2024,EU,Netherlands,Spanish,9,6000,3,Semi-Pro,108,40,23.7,0.0,0,Twitter/X,False,2.7,65.0,False,0.4224137931034483,2,Young Adult,2,148,False,True,5.4510384535657,38.79310344827586,Low
182,Night Crawlers,Overwatch 2,Apex Legends,FPS,1020,467,2020,EU,United Kingdom,Russian,0,1125,3,Amateur,961,287,25.9,0.0,1,Discord,False,3.3484320557491287,30.0,False,0.45784313725490194,1,Adult,6,2248,False,True,6.928537818164665,0.0,High
183,Bright Star,Dota 2,,MOBA,753,273,2012,AS,South Korea,Chinese,7,5334,2,Semi-Pro,499,0,23.5,2.0,5,Discord,False,0.0,34.0,False,0.36254980079681276,2,Young Adult,14,5499,True,False,6.625392368007956,9.296148738379815,Medium
184,Crest Predators,Rainbow Six Siege,CS2,FPS,245,147,2019,SA,Brazil,Spanish,0,6974,2,Amateur,193,50,21.4,0.0,1,Discord,False,3.86,26.0,False,0.6,1,Young Adult,7,1243,False,True,5.5053315359323625,0.0,Low
185,Solar Flare,Smite,Rocket League,MOBA,207,110,2014,OC,Australia,English,0,5079,4,Amateur,89,0,22.6,0.0,2,Discord,False,0.0,17.0,False,0.5314009661835749,1,Young Adult,12,2089,False,False,5.337538079701318,0.0,Medium
186,Iron Throne,Fortnite,PUBG: Battlegrounds,Battle Royale,9256,3163,2018,Unknown,Mexico,English,2,5079,0,Semi-Pro,5259,0,24.2,1.0,1,Twitch,False,0.0,9.0,True,0.34172428694900603,2,Young Adult,8,6259,True,False,9.133135301067211,0.21607605877268798,Medium
187,Gravity Wave,Tekken 8,Rocket League,Fighting,1025,531,2024,AF,Nigeria,Arabic,0,5079,3,Amateur,0,235,31.8,0.0,2,Reddit,False,0.0,9.0,False,0.5180487804878049,1,Adult,2,2235,False,False,6.933423025730715,0.0,Medium
188,Nova Strikers,Rainbow Six Siege,Call of Duty: Warzone,FPS,8754,1683,2020,AS,Taiwan,Japanese,0,5079,0,Semi-Pro,8225,0,20.5,2.0,0,Discord,False,0.0,11.0,True,0.1922549691569568,2,Young Adult,6,8225,True,False,9.077380244719953,0.0,Medium
189,Iron Phoenix,Apex Legends,League of Legends,Battle Royale,33494,11475,2019,EU,France,Russian,0,582,5,Professional,14590,0,22.6,4.0,13,Reddit,False,0.0,1.0,True,0.34259867438944286,3,Young Adult,7,27590,True,False,10.419151452942367,0.0,High
190,Ping Warriors,Fortnite,Tekken 8,Battle Royale,279,125,2018,Unknown,Canada,English,0,9232,3,Amateur,218,85,22.6,0.0,0,Reddit,False,2.5647058823529414,66.0,False,0.44802867383512546,1,Young Adult,8,303,False,True,5.634789603169249,0.0,Low
191,Morning Star,CS2,,FPS,174,78,2023,AS,Taiwan,Chinese,0,3551,2,Amateur,0,21,20.3,0.0,1,Reddit,False,0.0,54.0,False,0.4482758620689655,1,Young Adult,3,1021,False,False,5.1647859739235145,0.0,Medium
192,Dawn Patrol,Dota 2,Street Fighter 6,MOBA,372,152,2018,EU,Spain,German,0,2432,2,Amateur,287,0,30.1,0.0,1,Discord,False,0.0,55.0,False,0.40860215053763443,1,Adult,8,1287,False,False,5.921578419643816,0.0,High
193,Prism Warriors,League of Legends,Apex Legends,MOBA,587,292,2024,Unknown,Mexico,English,0,2432,2,Amateur,276,0,18.5,0.0,0,YouTube,False,0.0,49.0,False,0.49744463373083475,1,Young Adult,2,276,False,False,6.376726947898627,0.0,High
194,Dark Fire,Street Fighter 6,,Fighting,4475,1366,2023,AF,South Africa,Arabic,0,2432,2,Semi-Pro,2751,1329,22.6,2.0,0,Twitch,False,2.069977426636569,5.0,False,0.3052513966480447,2,Young Adult,3,4080,True,True,8.406485069431817,0.0,High
195,Anchor Hold,Fortnite,Street Fighter 6,Battle Royale,394,187,2022,Unknown,United States,English,0,3300,2,Amateur,318,0,19.6,0.0,0,Discord,False,0.0,58.0,False,0.4746192893401015,1,Young Adult,4,318,False,False,5.978885764901122,0.0,Medium
196,Mesa Reapers,Overwatch 2,,FPS,9904,1798,2016,SA,Argentina,Portuguese,2,3300,4,Semi-Pro,5626,0,27.5,1.0,0,Discord,False,0.0,3.0,True,0.1815428109854604,2,Adult,10,5626,True,False,9.20079495913265,0.20193861066235866,Medium
197,Cipher Squad,Valorant,Call of Duty: Warzone,FPS,329,109,2020,EU,Netherlands,French,0,5197,4,Amateur,199,0,25.8,0.0,2,Discord,False,0.0,63.0,False,0.331306990881459,1,Adult,6,2199,False,False,5.799092654460526,0.0,Medium
198,Omega Squad,CS2,Rocket League,FPS,106,57,2016,AS,South Korea,English,0,8164,3,Amateur,90,20,28.6,0.0,2,Twitch,False,4.5,59.0,False,0.5377358490566038,1,Adult,10,2110,False,True,4.672828834461906,0.0,Low
199,Cyclone,Dota 2,Street Fighter 6,MOBA,137,58,2019,EU,Spain,English,4,2620,3,Semi-Pro,99,45,29.0,2.0,3,Discord,False,2.2,70.0,False,0.4233576642335766,2,Adult,7,3144,True,True,4.927253685157205,29.1970802919708,High
200,Burning Fist,Apex Legends,,Battle Royale,636,338,2019,Unknown,United States,English,3,2620,1,Semi-Pro,599,0,18.2,2.0,2,Discord,False,0.0,44.0,False,0.5314465408805031,2,Young Adult,7,2599,True,False,6.456769655572163,4.716981132075472,High
201,Void Storm,Fortnite,Valorant,Battle Royale,287,212,2018,EU,Russia,German,5,2320,1,Semi-Pro,244,85,26.1,2.0,5,Reddit,False,2.8705882352941177,46.0,False,0.7386759581881533,2,Adult,8,5329,True,True,5.662960480135946,17.421602787456447,High
202,Delta Squad,Rainbow Six Siege,Final Fantasy XIV,FPS,194,84,2016,AS,South Korea,Chinese,7,3161,1,Semi-Pro,97,29,16.1,0.0,3,Discord,False,3.3448275862068964,52.0,False,0.4329896907216495,2,Teen,10,3126,False,True,5.272999558563747,36.08247422680412,Medium
203,Crimson Comet,League of Legends,Overwatch 2,MOBA,122,61,2024,AS,China,Japanese,0,3161,3,Amateur,100,0,22.6,0.0,2,Discord,False,0.0,56.0,False,0.5,1,Young Adult,2,2100,False,False,4.812184355372417,0.0,Medium
204,Aurora Clan,Overwatch 2,StarCraft II,FPS,1907,920,2023,Unknown,Mexico,English,7,8280,3,Semi-Pro,1804,0,22.7,0.0,3,Discord,False,0.0,25.0,False,0.4824331410592554,2,Young Adult,3,4804,False,False,7.553810852008231,3.6706869428421602,Low
205,Blizzard Force,Tekken 8,Fortnite,Fighting,1574,838,2024,Unknown,United States,English,0,8280,4,Amateur,971,0,17.2,0.0,0,Discord,False,0.0,27.0,False,0.5324015247776366,1,Teen,2,971,False,False,7.362010551259734,0.0,Low
206,Entropy Squad,Valorant,League of Legends,FPS,1767,721,2020,AS,Taiwan,Chinese,0,8280,3,Amateur,741,235,20.3,0.0,1,Discord,False,3.1531914893617023,18.0,False,0.4080362195812111,1,Young Adult,6,1976,False,True,7.477604243197589,0.0,Low
207,Revenant Order,Overwatch 2,Call of Duty: Warzone,FPS,94,53,2017,OC,Australia,English,4,6448,2,Semi-Pro,68,0,22.4,2.0,4,Discord,False,0.0,20.0,False,0.5638297872340425,2,Young Adult,9,4068,True,False,4.553876891600541,42.5531914893617,Low
208,Cerberus Pack,Valorant,Call of Duty: Warzone,FPS,1305,551,2020,Unknown,Canada,English,0,6448,4,Amateur,883,174,23.3,0.0,0,Discord,False,5.074712643678161,33.0,False,0.4222222222222222,1,Young Adult,6,1057,False,True,7.174724309836376,0.0,Low
209,Thunderbolt,Valorant,CS2,FPS,318,179,2020,OC,Australia,English,0,6448,4,Amateur,192,36,26.6,0.0,0,Reddit,False,5.333333333333333,14.0,False,0.5628930817610063,1,Adult,6,228,False,True,5.765191102784844,0.0,Low
210,Bright Moon,World of Warcraft,,MMORPG,55,23,2008,EU,Spain,German,0,1956,4,Amateur,50,10,26.0,0.0,2,Twitter/X,False,5.0,83.0,False,0.41818181818181815,1,Adult,18,2060,False,True,4.02535169073515,0.0,High
211,Null Pointer,League of Legends,,MOBA,77,42,2013,EU,United Kingdom,French,5,1956,4,Semi-Pro,63,10,26.0,2.0,4,Discord,False,6.3,74.0,False,0.5454545454545454,2,Adult,13,4073,True,True,4.356708826689592,64.93506493506493,High
212,Alpha Predators,Dota 2,CS2,MOBA,1141,349,2021,AS,South Korea,Japanese,0,1956,4,Amateur,555,0,29.9,0.0,1,Discord,False,0.0,26.0,False,0.3058720420683611,1,Adult,5,1555,False,False,7.040536390215956,0.0,High
213,Storm Surge,League of Legends,,MOBA,1594,516,2016,EU,Sweden,English,0,1956,2,Amateur,685,296,14.5,0.0,2,Discord,False,2.314189189189189,28.0,False,0.3237139272271016,1,Teen,10,2981,False,True,7.374629015218945,0.0,High
214,Carbon Fiber,Call of Duty: Warzone,StarCraft II,FPS,1489,802,2021,EU,Netherlands,English,0,6515,1,Amateur,767,0,18.7,0.0,1,Discord,False,0.0,20.0,False,0.5386165211551377,1,Young Adult,5,1767,False,False,7.306531398939505,0.0,Low
215,Elemental Force,Valorant,League of Legends,FPS,919,279,2023,SA,Colombia,Portuguese,0,9679,2,Amateur,835,0,24.3,0.0,2,Reddit,False,0.0,13.0,False,0.30359085963003263,1,Young Adult,3,2835,False,False,6.824373670043086,0.0,Low
216,Pinnacle Blaze,Valorant,League of Legends,FPS,2936,1153,2020,EU,Sweden,German,0,3611,2,Semi-Pro,2005,373,21.2,0.0,2,Reddit,False,5.375335120643432,10.0,True,0.3927111716621253,2,Young Adult,6,4378,False,True,7.98514393119862,0.0,Medium
217,Dark Wolves,Valorant,,FPS,3302,1281,2020,AS,Taiwan,Korean,0,5216,4,Semi-Pro,0,0,22.2,2.0,0,Discord,False,0.0,12.0,False,0.387946698970321,2,Young Adult,6,0,True,False,8.10258642539079,0.0,Medium
218,Zenith Pact,Fortnite,,Battle Royale,57,19,2019,EU,United Kingdom,Spanish,3,8044,4,Semi-Pro,50,0,16.9,2.0,2,Twitch,False,0.0,85.0,False,0.3333333333333333,2,Teen,7,2050,True,False,4.060443010546419,52.63157894736842,Low
219,Eclipse Hunters,Rainbow Six Siege,League of Legends,FPS,8982,3050,2016,OC,New Zealand,English,7,8044,3,Semi-Pro,0,887,21.0,2.0,0,Discord,False,0.0,2.0,True,0.3395680249387664,2,Young Adult,10,887,True,False,9.103089181229207,0.7793364506791362,Low
220,Recoil Kings,Dota 2,,MOBA,135,54,2020,SA,Brazil,Portuguese,0,8044,4,Amateur,0,0,26.4,0.0,2,Twitch,False,0.0,37.0,False,0.4,1,Adult,6,2000,False,False,4.912654885736052,0.0,Low
221,Cobalt Guard,Dota 2,,MOBA,241,127,2019,EU,Russia,French,2,8044,4,Amateur,129,61,23.9,0.0,0,Discord,False,2.1147540983606556,58.0,False,0.5269709543568465,1,Young Adult,7,190,False,True,5.488937726156687,8.298755186721992,Low
222,Blazing Arrows,Overwatch 2,Call of Duty: Warzone,FPS,50,23,2022,SA,Colombia,Spanish,7,8044,4,Semi-Pro,50,0,20.0,0.0,2,Reddit,False,0.0,42.0,False,0.46,2,Young Adult,4,2050,False,False,3.9318256327243257,140.0,Low
223,Nova League,Apex Legends,League of Legends,Battle Royale,2587,752,2019,AF,Nigeria,Arabic,3,8044,5,Semi-Pro,2283,446,19.8,2.0,1,Twitch,False,5.118834080717488,7.0,False,0.2906841901816776,2,Young Adult,7,3729,True,True,7.858640655620791,1.1596443757247776,Low
224,Nexus Warriors,Apex Legends,Rocket League,Battle Royale,201,134,2019,Unknown,United States,English,0,8044,4,Amateur,164,63,18.2,0.0,1,Discord,False,2.6031746031746033,65.0,False,0.6666666666666666,1,Young Adult,7,1227,False,True,5.308267697401205,0.0,Low
225,Pacific Fury,Call of Duty: Warzone,Overwatch 2,FPS,705,335,2020,AS,Japan,Chinese,0,8044,4,Amateur,580,0,23.8,0.0,1,Twitter/X,False,0.0,27.0,False,0.475177304964539,1,Young Adult,6,1580,False,False,6.559615237493242,0.0,Low
226,Phantom Army,Call of Duty: Warzone,World of Warcraft,FPS,50,21,2020,EU,Netherlands,Spanish,7,5897,4,Semi-Pro,50,10,20.1,2.0,0,Discord,False,5.0,84.0,False,0.42,2,Young Adult,6,60,True,True,3.9318256327243257,140.0,Low
227,Nitro Wolves,Rocket League,World of Warcraft,Sports,347,143,2022,SA,Brazil,Spanish,0,5897,1,Amateur,193,0,25.5,0.0,2,Twitter/X,False,0.0,28.0,False,0.41210374639769454,1,Adult,4,2193,False,False,5.8522024797744745,0.0,Low
228,Arcane Wolves,Valorant,StarCraft II,FPS,61,27,2021,OC,Australia,English,0,5897,4,Amateur,50,10,24.2,0.0,0,YouTube,False,5.0,23.0,False,0.4426229508196721,1,Young Adult,5,60,False,True,4.127134385045092,0.0,Low
229,Storm Front,CS2,Apex Legends,FPS,228,112,2021,SA,Brazil,Portuguese,0,5897,3,Amateur,175,0,21.2,0.0,0,Discord,False,0.0,30.0,False,0.49122807017543857,1,Young Adult,5,175,False,False,5.43372200355424,0.0,Low
230,Frost Warriors,Valorant,,FPS,205,116,2020,Unknown,United States,English,0,5025,3,Amateur,86,0,27.5,0.0,0,Discord,False,0.0,69.0,False,0.5658536585365853,1,Adult,6,86,False,False,5.327876168789581,0.0,Medium
231,Frozen North,Call of Duty: Warzone,,FPS,768,427,2022,EU,Russia,Russian,5,5025,2,Semi-Pro,559,170,22.6,0.0,3,Discord,False,3.288235294117647,33.0,False,0.5559895833333334,2,Young Adult,4,3729,False,True,6.645090969505644,6.510416666666667,Medium
232,Hellfire,Valorant,StarCraft II,FPS,2428,1142,2023,EU,Russia,Russian,8,4037,2,Semi-Pro,1604,0,20.3,1.0,4,Discord,False,0.0,11.0,True,0.47034596375617793,2,Young Adult,3,5604,True,False,7.795234929002173,3.2948929159802307,Medium
233,Iron Wolves,Rainbow Six Siege,League of Legends,FPS,561,262,2017,SA,Brazil,Spanish,0,7614,0,Amateur,442,0,22.6,0.0,0,Discord,False,0.0,15.0,False,0.46702317290552586,1,Young Adult,9,442,False,False,6.331501849893691,0.0,Low
234,Clutch Factor,League of Legends,PUBG: Battlegrounds,MOBA,281,111,2023,Unknown,Canada,English,9,6062,4,Semi-Pro,256,39,22.1,2.0,5,Twitter/X,False,6.564102564102564,71.0,False,0.39501779359430605,2,Young Adult,3,5295,True,True,5.641907070938114,32.02846975088968,Low
235,Speed Demons,Overwatch 2,,FPS,448,192,2023,AF,Nigeria,Arabic,0,6062,3,Amateur,343,79,21.6,0.0,2,YouTube,False,4.341772151898734,15.0,False,0.42857142857142855,1,Young Adult,3,2422,False,True,6.1070228877422545,0.0,Low
236,Raging Bulls,World of Warcraft,,MMORPG,916,432,2018,Unknown,United States,English,0,8826,1,Amateur,458,186,30.6,0.0,1,Discord,False,2.4623655913978495,36.0,False,0.47161572052401746,1,Adult,8,1644,False,True,6.821107472256465,0.0,Low
237,Iron Tide,Rocket League,League of Legends,Sports,611,213,2020,AF,South Africa,English,0,8826,2,Amateur,345,0,27.8,0.0,0,Discord,False,0.0,14.0,False,0.3486088379705401,1,Adult,6,345,False,False,6.416732282512326,0.0,Low
238,Byte Force,Tekken 8,Valorant,Fighting,1923,927,2024,SA,Brazil,Spanish,0,4469,3,Amateur,1802,0,23.2,0.0,0,Discord,False,0.0,7.0,True,0.48205928237129486,1,Young Adult,2,1802,False,False,7.562161631225652,0.0,Medium
239,Ace Pack,Rocket League,StarCraft II,Sports,237,154,2024,EU,United Kingdom,English,0,4469,4,Amateur,155,0,26.4,0.0,1,Discord,False,0.0,53.0,False,0.6497890295358649,1,Adult,2,1155,False,False,5.472270673671475,0.0,Medium
240,Neon Riders,League of Legends,,MOBA,374,216,2023,AS,South Korea,Korean,0,3226,1,Amateur,0,0,19.6,0.0,0,Discord,False,0.0,38.0,False,0.5775401069518716,1,Young Adult,3,0,False,False,5.926926025970411,0.0,Medium
241,Neon Wolves,Valorant,Final Fantasy XIV,FPS,50,28,2024,EU,Sweden,English,9,2242,2,Semi-Pro,0,0,21.8,2.0,3,Discord,False,0.0,79.0,False,0.56,2,Young Adult,2,3000,True,False,3.9318256327243257,180.0,High
242,Thundercats,Street Fighter 6,,Fighting,202,97,2023,Unknown,United States,English,4,2242,1,Semi-Pro,165,62,22.6,0.0,4,Discord,False,2.661290322580645,75.0,False,0.4801980198019802,2,Young Adult,3,4227,False,True,5.313205979041787,19.801980198019802,High
243,Lunar Strike,Dota 2,Rocket League,MOBA,417,232,2019,AS,China,English,0,9525,4,Amateur,0,141,23.2,0.0,1,Reddit,False,0.0,35.0,False,0.5563549160671463,1,Young Adult,7,1141,False,False,6.035481432524756,0.0,Low
244,Flash Clan,Valorant,CS2,FPS,126,59,2020,Unknown,United States,Spanish,0,9525,4,Amateur,56,10,22.5,0.0,0,Discord,False,5.6,84.0,False,0.46825396825396826,1,Young Adult,6,66,False,True,4.844187086458591,0.0,Low
245,Turbo Knights,Apex Legends,,Battle Royale,1757,929,2019,EU,Russia,German,0,9525,3,Amateur,985,0,23.0,0.0,2,Discord,False,0.0,15.0,True,0.5287421741605008,1,Young Adult,7,2985,False,False,7.471932078245122,0.0,Low
246,Sunfire,Rainbow Six Siege,StarCraft II,FPS,68819,14589,2019,Unknown,United States,English,9,6513,5,Elite,65740,18023,26.3,3.0,16,Discord,False,3.6475614492592796,1.0,True,0.21199087461311555,4,Adult,7,99763,True,True,11.13924967935147,0.13077783751580233,Low
247,Solar Monks,Apex Legends,Overwatch 2,Battle Royale,284,106,2019,AS,Japan,Korean,0,6513,3,Amateur,232,55,25.6,0.0,1,Twitch,False,4.218181818181818,50.0,False,0.3732394366197183,1,Adult,7,1287,False,True,5.652489180268651,0.0,Low
248,Packet Loss,Fortnite,,Battle Royale,1061,453,2018,EU,Denmark,Spanish,0,6513,4,Amateur,749,240,22.4,0.0,0,YouTube,False,3.120833333333333,31.0,False,0.42695570216776624,1,Young Adult,8,989,False,True,6.967909201801884,0.0,Low
249,Thunder Legion,Call of Duty: Warzone,,FPS,60,34,2021,EU,Sweden,English,0,6513,1,Amateur,50,0,17.6,0.0,0,Discord,False,0.0,77.0,False,0.5666666666666667,1,Teen,5,50,False,False,4.110873864173311,0.0,Low
250,Pixel Storm,Valorant,,FPS,975,296,2020,Unknown,Mexico,Spanish,0,6513,2,Amateur,0,148,21.4,0.0,0,Discord,False,0.0,47.0,False,0.3035897435897436,1,Young Adult,6,148,False,False,6.883462586413092,0.0,Low
251,Gold Rush,Rocket League,CS2,Sports,483,272,2017,SA,Colombia,Portuguese,5,3131,4,Semi-Pro,0,0,22.6,1.0,0,Twitter/X,False,0.0,14.0,False,0.5631469979296067,2,Young Adult,9,0,True,False,6.182084906716632,10.351966873706004,Medium
252,Midnight Blade,League of Legends,Rainbow Six Siege,MOBA,73,25,2014,AF,South Africa,Arabic,0,4939,4,Amateur,50,20,22.6,0.0,1,Discord,False,2.5,22.0,False,0.3424657534246575,1,Young Adult,12,1070,False,True,4.30406509320417,0.0,Medium
253,Flick Masters,World of Warcraft,Rocket League,MMORPG,50,23,2021,EU,France,English,0,4939,1,Amateur,50,12,37.9,0.0,0,Discord,False,4.166666666666667,83.0,False,0.46,1,Senior,5,62,False,True,3.9318256327243257,0.0,Medium
254,Galaxy Pact,Rocket League,PUBG: Battlegrounds,Sports,51,31,2016,SA,Argentina,Portuguese,0,4939,1,Amateur,0,10,18.2,0.0,2,Twitch,False,0.0,40.0,False,0.6078431372549019,1,Young Adult,10,2010,False,False,3.9512437185814275,0.0,Medium
255,Ember Storm,Dota 2,Tekken 8,MOBA,164,84,2021,AS,South Korea,Chinese,0,4939,1,Amateur,112,0,19.7,0.0,0,Discord,False,0.0,52.0,False,0.5121951219512195,1,Young Adult,5,112,False,False,5.10594547390058,0.0,Medium
256,Reaper Crew,League of Legends,CS2,MOBA,371,192,2020,AS,Singapore,Japanese,3,5997,3,Semi-Pro,159,22,19.3,0.0,1,YouTube,False,7.2272727272727275,42.0,False,0.5175202156334232,2,Young Adult,6,1181,False,True,5.918893854273146,8.086253369272237,Low
257,War Eagles,StarCraft II,Fortnite,Strategy,201,115,2016,EU,Russia,English,0,4016,2,Amateur,177,0,29.5,0.0,1,Reddit,False,0.0,61.0,False,0.572139303482587,1,Adult,10,1177,False,False,5.308267697401205,0.0,Medium
258,Neon Flash,Street Fighter 6,PUBG: Battlegrounds,Fighting,117,46,2023,AS,Singapore,Japanese,0,5988,1,Amateur,82,35,20.3,0.0,0,Reddit,False,2.342857142857143,60.0,False,0.39316239316239315,1,Young Adult,3,117,False,True,4.770684624465665,0.0,Low
259,Entry Fraggers,CS2,Street Fighter 6,FPS,81,42,2021,EU,Poland,French,6,3306,1,Semi-Pro,50,23,21.2,2.0,3,Discord,False,2.1739130434782608,74.0,False,0.5185185185185185,2,Young Adult,5,3073,True,True,4.406719247264253,74.07407407407408,Medium
260,Dark Energy,Apex Legends,CS2,Battle Royale,280,97,2019,AF,Saudi Arabia,Arabic,1,3306,4,Amateur,199,0,25.0,0.0,1,Discord,False,0.0,17.0,False,0.3464285714285714,1,Young Adult,7,1199,False,False,5.638354669333745,3.571428571428571,Medium
261,Primal Rage,Rocket League,StarCraft II,Sports,4247,2103,2023,EU,Spain,English,0,1583,2,Semi-Pro,2874,464,25.0,0.0,5,Discord,False,6.193965517241379,4.0,True,0.49517306333882743,2,Young Adult,3,8338,False,True,8.354203562921775,0.0,High
262,Void Walkers,Final Fantasy XIV,Dota 2,MMORPG,127,69,2015,OC,Australia,English,0,9576,4,Amateur,75,0,32.5,0.0,2,Twitch,False,0.0,18.0,False,0.5433070866141733,1,Adult,11,2075,False,False,4.852030263919617,0.0,Low
263,Phantom Drift,Dota 2,Final Fantasy XIV,MOBA,233,128,2015,AS,Taiwan,Japanese,7,1225,2,Professional,108,45,22.1,1.0,2,Discord,False,2.4,47.0,False,0.5493562231759657,3,Young Adult,11,2153,True,True,5.455321115357702,30.04291845493562,High
264,Broken Arrow,Fortnite,,Battle Royale,718,300,2018,AS,Taiwan,Korean,0,4781,4,Amateur,586,189,22.1,0.0,0,Discord,False,3.1005291005291005,30.0,False,0.4178272980501393,1,Young Adult,8,775,False,True,6.577861357721047,0.0,Medium
265,War Hammer,PUBG: Battlegrounds,,Battle Royale,469,284,2017,SA,Argentina,Spanish,0,8966,1,Amateur,363,107,22.2,0.0,2,Twitch,False,3.392523364485981,12.0,False,0.605543710021322,1,Young Adult,9,2470,False,True,6.152732694704104,0.0,Low
266,Starfall,Rainbow Six Siege,PUBG: Battlegrounds,FPS,8531,2422,2017,Unknown,United States,English,0,8686,2,Semi-Pro,7743,0,19.1,2.0,3,Discord,False,0.0,13.0,True,0.28390575548001407,2,Young Adult,9,10743,True,False,9.05157907959124,0.0,Low
267,Black Ops Unit,Valorant,,FPS,1306,460,2017,SA,Argentina,Spanish,0,8686,1,Amateur,590,0,19.9,0.0,1,YouTube,False,0.0,9.0,False,0.35222052067381315,1,Young Adult,9,1590,False,False,7.175489713624222,0.0,Low
268,Ragebolt,CS2,,FPS,266,125,2015,AS,Singapore,English,6,4547,3,Semi-Pro,236,21,25.9,1.0,0,Discord,False,11.238095238095237,48.0,False,0.4699248120300752,2,Adult,11,257,True,True,5.58724865840025,22.55639097744361,Medium
269,Wallbang Society,Apex Legends,Call of Duty: Warzone,Battle Royale,18092,2741,2015,AF,Egypt,English,0,1687,6,Professional,0,6151,23.6,4.0,14,YouTube,False,0.0,2.0,True,0.1515034269290294,3,Young Adult,11,20151,True,False,9.803280402119096,0.0,High
270,Warp Riders,CS2,Apex Legends,FPS,43068,12593,2015,Unknown,Mexico,Spanish,0,2509,3,Professional,39706,0,18.8,1.0,12,Discord,False,0.0,2.0,True,0.29239806817126407,3,Young Adult,11,51706,True,False,10.670558759761432,0.0,High
271,Burst Mode,CS2,,FPS,509,202,2024,EU,Germany,Russian,0,2509,4,Amateur,361,57,21.5,0.0,2,Twitch,False,6.333333333333333,49.0,False,0.3968565815324165,1,Young Adult,2,2418,False,True,6.234410725718371,0.0,High
272,Crossfire Unit,Fortnite,Rocket League,Battle Royale,439,208,2018,Unknown,Mexico,English,2,7543,4,Amateur,371,0,16.1,0.0,2,Discord,False,0.0,57.0,False,0.47380410022779046,1,Teen,8,2371,False,False,6.0867747269123065,4.555808656036446,Low
273,Havoc Unit,Fortnite,Final Fantasy XIV,Battle Royale,959,328,2019,Unknown,Canada,English,3,5686,2,Semi-Pro,643,0,21.1,2.0,1,Discord,False,0.0,45.0,False,0.3420229405630866,2,Young Adult,7,1643,True,False,6.866933284461882,3.1282586027111576,Low
274,Iron Sharks,Final Fantasy XIV,StarCraft II,MMORPG,50,30,2022,AF,Saudi Arabia,Arabic,0,465,2,Amateur,50,0,29.0,0.0,1,Discord,False,0.0,20.0,False,0.6,1,Adult,4,1050,False,False,3.9318256327243257,0.0,High
275,Solar Ascent,Valorant,Apex Legends,FPS,361,235,2022,Unknown,Canada,English,0,465,1,Amateur,322,31,23.1,0.0,2,Reddit,False,10.387096774193548,55.0,False,0.6509695290858726,1,Young Adult,4,2353,False,True,5.8916442118257715,0.0,High
276,Input Lag,Smite,Street Fighter 6,MOBA,6230,2373,2014,AS,Japan,Japanese,0,465,4,Semi-Pro,4845,0,27.4,0.0,3,Discord,False,0.0,9.0,True,0.3808988764044944,2,Adult,12,7845,False,False,8.737292112544221,0.0,High
277,Typhoon,Valorant,World of Warcraft,FPS,330,235,2021,EU,Russia,Spanish,8,262,4,Semi-Pro,264,0,16.8,1.0,1,Discord,False,0.0,43.0,False,0.7121212121212122,2,Teen,5,1264,True,False,5.802118375377063,24.242424242424242,High
278,Momentum Pack,Rainbow Six Siege,,FPS,795,404,2016,SA,Argentina,Spanish,12,5539,3,Semi-Pro,0,0,19.6,1.0,0,Twitch,False,0.0,10.0,False,0.5081761006289308,2,Young Adult,10,0,True,False,6.679599185844383,15.094339622641508,Medium
279,Ghost Wolves,Rainbow Six Siege,Street Fighter 6,FPS,674,303,2021,EU,Russia,Russian,0,5713,3,Amateur,416,149,23.5,0.0,2,Twitch,False,2.791946308724832,36.0,False,0.4495548961424332,1,Young Adult,5,2565,False,True,6.51471269087253,0.0,Low
280,Viper Strike,Valorant,Call of Duty: Warzone,FPS,242,111,2020,Unknown,United States,Spanish,5,2652,1,Semi-Pro,214,0,25.2,1.0,3,Discord,False,0.0,71.0,False,0.45867768595041325,2,Adult,6,3214,True,False,5.493061443340548,20.66115702479339,High
281,Phantom Strike,Fortnite,,Battle Royale,2270,917,2020,Unknown,United States,English,0,2652,5,Semi-Pro,1113,268,22.9,1.0,1,Twitch,False,4.152985074626866,26.0,False,0.4039647577092511,2,Young Adult,6,2381,True,True,7.7279755421055585,0.0,High
282,Impact Wolves,Smite,,MOBA,3440,1166,2020,SA,Chile,Portuguese,0,1338,3,Semi-Pro,2958,0,23.0,1.0,2,Discord,False,0.0,5.0,True,0.33895348837209305,2,Young Adult,6,4958,True,False,8.14351740579748,0.0,High
283,Dragon Scale,Dota 2,StarCraft II,MOBA,135,56,2012,SA,Colombia,Portuguese,0,1939,3,Amateur,64,23,22.6,0.0,2,Reddit,False,2.782608695652174,36.0,False,0.4148148148148148,1,Young Adult,14,2087,False,True,4.912654885736052,0.0,High
284,Ghost Protocol,Call of Duty: Warzone,Rainbow Six Siege,FPS,1240,445,2020,OC,Australia,English,0,1939,1,Amateur,883,0,25.9,0.0,1,Discord,False,0.0,8.0,False,0.3588709677419355,1,Adult,6,1883,False,False,7.123672785204607,0.0,High
285,Dusk Raiders,World of Warcraft,,MMORPG,1879,565,2020,AF,Egypt,English,0,1033,2,Amateur,0,436,30.8,0.0,0,Reddit,False,0.0,8.0,False,0.300691857370942,1,Adult,6,436,False,False,7.539027055823995,0.0,High
286,Sky Wolves,Valorant,Tekken 8,FPS,312,143,2024,SA,Brazil,Portuguese,4,3287,4,Semi-Pro,185,103,20.5,0.0,3,Discord,False,1.796116504854369,28.0,False,0.4583333333333333,2,Young Adult,2,3288,False,True,5.746203190540153,12.820512820512821,Medium
287,Arcane Brotherhood,Fortnite,,Battle Royale,35466,13284,2021,AS,Taiwan,Korean,8,4128,5,Professional,24258,0,22.6,1.0,3,Discord,False,0.0,2.0,True,0.37455591270512606,3,Young Adult,5,27258,True,False,10.476357965673646,0.22556814977725145,Medium
288,Plateau Riders,CS2,League of Legends,FPS,15173,5670,2021,EU,United Kingdom,English,0,4128,3,Professional,7829,827,24.4,2.0,10,Discord,False,9.466747279322854,2.0,True,0.37369010742766756,3,Young Adult,5,18656,True,True,9.62733871589802,0.0,Medium
289,Savage Storm,Tekken 8,,Fighting,67,27,2024,SA,Brazil,Portuguese,7,4128,4,Semi-Pro,50,10,27.7,2.0,2,YouTube,False,5.0,41.0,False,0.40298507462686567,2,Adult,2,2060,True,True,4.219507705176107,104.4776119402985,Medium
290,Shadow Reapers,Valorant,Street Fighter 6,FPS,483,342,2021,Unknown,United States,English,0,4128,4,Amateur,226,73,14.0,0.0,2,Discord,False,3.095890410958904,43.0,False,0.7080745341614907,1,Teen,5,2299,False,True,6.182084906716632,0.0,Medium
291,Helix Hunters,Call of Duty: Warzone,League of Legends,FPS,919,230,2021,EU,Netherlands,Spanish,0,4128,1,Amateur,502,0,25.1,0.0,1,Discord,False,0.0,44.0,False,0.250272034820457,1,Adult,5,1502,False,False,6.824373670043086,0.0,Medium
292,Spike Rush,Dota 2,Overwatch 2,MOBA,68819,13865,2012,AF,South Africa,Arabic,12,204,5,Elite,43002,21209,25.6,6.0,9,Discord,False,2.027535480220661,1.0,True,0.20147052412851102,4,Adult,14,73211,True,True,11.13924967935147,0.17437045002106977,High
293,Crystal Spire,Fortnite,Rocket League,Battle Royale,748,172,2018,AS,Singapore,English,0,3630,1,Amateur,321,0,21.1,0.0,1,Reddit,False,0.0,44.0,False,0.22994652406417113,1,Young Adult,8,1321,False,False,6.618738983517219,0.0,Medium
294,Steel Nerves,Valorant,,FPS,7674,1539,2022,EU,Poland,Russian,0,3630,2,Semi-Pro,4513,0,19.3,2.0,4,Discord,False,0.0,6.0,True,0.20054730258014072,2,Young Adult,4,8513,True,False,8.945723572455398,0.0,Medium
295,Alpha Pack,Fortnite,,Battle Royale,1802,1010,2024,EU,Poland,German,0,1734,2,Amateur,807,610,17.1,0.0,0,Twitter/X,False,1.3229508196721311,13.0,True,0.560488346281909,1,Teen,2,1417,False,True,7.497207223203318,0.0,High
296,Neon Surge,Tekken 8,CS2,Fighting,8595,927,2024,Unknown,United States,Spanish,0,5643,2,Semi-Pro,0,0,26.4,1.0,5,Discord,False,0.0,23.0,True,0.10785340314136126,2,Adult,2,5000,True,False,9.059052257762401,0.0,Medium
297,Solstice Squad,Valorant,,FPS,77,48,2023,EU,France,English,0,7056,4,Amateur,50,23,20.8,0.0,2,Discord,False,2.1739130434782608,72.0,False,0.6233766233766234,1,Young Adult,3,2073,False,True,4.356708826689592,0.0,Low
298,Velocity,Valorant,PUBG: Battlegrounds,FPS,251,118,2021,EU,Russia,English,0,7056,4,Amateur,238,0,23.8,0.0,1,Discord,False,0.0,60.0,False,0.4701195219123506,1,Young Adult,5,1238,False,False,5.529429087511423,0.0,Low
299,Forest Wolves,Valorant,League of Legends,FPS,446,209,2020,SA,Chile,Portuguese,3,7853,4,Semi-Pro,359,0,27.3,0.0,0,Discord,False,0.0,18.0,False,0.46860986547085204,2,Adult,6,359,False,False,6.102558594613569,6.726457399103139,Low
300,Storm Hawks,PUBG: Battlegrounds,,Battle Royale,152,75,2017,Unknown,United States,English,0,7853,1,Amateur,84,0,23.4,0.0,2,Discord,False,0.0,80.0,False,0.4934210526315789,1,Young Adult,9,2084,False,False,5.030437921392435,0.0,Low
301,Stellar Blaze,Rainbow Six Siege,League of Legends,FPS,331,193,2016,AS,Singapore,Chinese,0,7853,1,Amateur,179,101,25.0,0.0,0,Discord,False,1.7722772277227723,41.0,False,0.5830815709969789,1,Young Adult,10,280,False,True,5.805134968916488,0.0,Low
302,Rogue Nation,Fortnite,,Battle Royale,121,61,2021,AS,Taiwan,Korean,0,4076,2,Amateur,80,18,24.2,0.0,0,Discord,False,4.444444444444445,56.0,False,0.5041322314049587,1,Young Adult,5,98,False,True,4.804021044733257,0.0,Medium
303,Warpath,Final Fantasy XIV,League of Legends,MMORPG,242,131,2020,OC,Australia,English,0,6285,1,Amateur,215,79,32.3,0.0,1,Discord,False,2.721518987341772,16.0,False,0.5413223140495868,1,Adult,6,1294,False,True,5.493061443340548,0.0,Low
304,Orbital Strike,Valorant,Dota 2,FPS,1026,324,2020,SA,Brazil,Spanish,0,3598,1,Amateur,526,0,22.4,0.0,1,Reddit,False,0.0,11.0,False,0.3157894736842105,1,Young Adult,6,1526,False,False,6.934397209928558,0.0,Medium
305,Sky Titans,League of Legends,,MOBA,1034,367,2018,Unknown,Mexico,English,0,1608,2,Amateur,861,157,26.2,0.0,1,Discord,False,5.484076433121019,40.0,False,0.35493230174081236,1,Adult,8,2018,False,True,6.942156705699469,0.0,High
306,Shadow Council,Fortnite,,Battle Royale,585,311,2021,AS,South Korea,Korean,2,1608,2,Amateur,380,0,25.9,0.0,1,Twitter/X,False,0.0,28.0,False,0.5316239316239316,1,Adult,5,1380,False,False,6.373319789577012,3.418803418803419,High
307,Emerald Legion,Valorant,Dota 2,FPS,6137,2051,2022,Unknown,United States,Spanish,0,1608,4,Semi-Pro,5462,0,23.6,2.0,1,Twitter/X,False,0.0,14.0,True,0.33420237901254685,2,Young Adult,4,6462,True,False,8.722254235179681,0.0,High
308,Night Stalker,CS2,World of Warcraft,FPS,4913,2514,2019,Unknown,United States,English,6,1608,4,Semi-Pro,2647,0,22.6,1.0,0,Discord,False,0.0,11.0,True,0.5117036433950743,2,Young Adult,7,2647,True,False,8.499843553081124,1.2212497455729696,High
309,Sand Vipers,CS2,Overwatch 2,FPS,2673,1306,2019,Unknown,United States,Spanish,15,1608,5,Professional,1111,208,21.7,3.0,9,Twitter/X,False,5.341346153846154,19.0,False,0.4885895997007108,3,Young Adult,7,10319,True,True,7.891330757661889,5.611672278338945,High
310,Stardust Guild,Smite,,MOBA,1106,373,2019,AS,South Korea,English,0,8611,3,Amateur,655,353,22.6,0.0,1,Twitter/X,False,1.8555240793201133,25.0,False,0.337251356238698,1,Young Adult,7,2008,False,True,7.009408932708637,0.0,Low
311,Pale Riders,Call of Duty: Warzone,PUBG: Battlegrounds,FPS,299,120,2022,Unknown,Canada,English,2,6489,4,Amateur,232,96,25.5,0.0,0,YouTube,False,2.4166666666666665,67.0,False,0.4013377926421405,1,Adult,4,328,False,True,5.703782474656201,6.688963210702341,Low
312,Antimatter Legion,Overwatch 2,,FPS,1270,585,2020,Unknown,United States,English,0,3379,3,Amateur,727,0,21.1,0.0,2,Discord,False,0.0,31.0,False,0.46062992125984253,1,Young Adult,6,2727,False,False,7.147559271189454,0.0,Medium
313,Sakura Blades,Rainbow Six Siege,CS2,FPS,160,98,2018,EU,Netherlands,Russian,5,4422,3,Semi-Pro,136,17,18.0,0.0,2,Reddit,False,8.0,65.0,False,0.6125,2,Teen,8,2153,False,True,5.081404364984463,31.25,Medium
314,Rustic Raiders,Rocket League,,Sports,131,71,2016,EU,United Kingdom,Spanish,0,4422,2,Amateur,107,0,24.8,0.0,1,Discord,False,0.0,68.0,False,0.5419847328244275,1,Young Adult,10,1107,False,False,4.882801922586371,0.0,Medium
315,Phantom Legion,Fortnite,Tekken 8,Battle Royale,2277,1140,2018,Unknown,United States,Spanish,2,4422,5,Semi-Pro,1924,0,20.5,2.0,5,Discord,False,0.0,22.0,False,0.5006587615283268,2,Young Adult,8,6924,True,False,7.731053144007127,0.8783487044356609,Medium
316,Thunder Clan,Overwatch 2,Final Fantasy XIV,FPS,1228,431,2021,AS,South Korea,Chinese,0,4883,2,Amateur,591,141,17.8,0.0,0,Reddit,False,4.191489361702128,21.0,False,0.3509771986970684,1,Teen,5,732,False,True,7.113956109566034,0.0,Medium
317,Crimson Dragon,Dota 2,Tekken 8,MOBA,709,204,2016,EU,Netherlands,Spanish,0,9050,1,Amateur,431,0,21.3,0.0,2,Discord,False,0.0,48.0,False,0.28772919605077574,1,Young Adult,10,2431,False,False,6.565264970035361,0.0,Low
318,Specter Division,Apex Legends,Dota 2,Battle Royale,2313,899,2019,EU,Russia,Russian,0,6210,4,Semi-Pro,0,396,24.1,2.0,3,Discord,False,0.0,17.0,True,0.38867271941201903,2,Young Adult,7,3396,True,False,7.746732907753622,0.0,Low
319,Frost Legion,Fortnite,PUBG: Battlegrounds,Battle Royale,50,33,2019,AS,China,Korean,0,6210,1,Amateur,50,0,18.8,0.0,1,Discord,False,0.0,66.0,False,0.66,1,Young Adult,7,1050,False,False,3.9318256327243257,0.0,Low
320,Rapid Fire,Valorant,World of Warcraft,FPS,54,25,2020,EU,Spain,German,9,6210,1,Semi-Pro,50,0,20.7,1.0,0,Reddit,False,0.0,81.0,False,0.46296296296296297,2,Young Adult,6,50,True,False,4.007333185232471,166.66666666666666,Low
321,Neon Eagles,Dota 2,Apex Legends,MOBA,56,35,2020,EU,Russia,English,8,6210,1,Semi-Pro,50,15,23.4,2.0,0,Discord,False,3.3333333333333335,76.0,False,0.625,2,Young Adult,6,65,True,True,4.04305126783455,142.85714285714286,Low
322,Rune Masters,StarCraft II,Valorant,Strategy,657,191,2018,SA,Colombia,Portuguese,0,6210,3,Amateur,404,100,25.7,0.0,1,Discord,False,4.04,21.0,False,0.2907153729071537,1,Adult,8,1504,False,True,6.489204931325317,0.0,Low
323,Crimson Pact,Rainbow Six Siege,,FPS,467,328,2018,Unknown,Canada,English,7,89,2,Semi-Pro,427,0,19.9,2.0,5,Twitch,False,0.0,45.0,False,0.702355460385439,2,Young Adult,8,5427,True,False,6.148468295917647,14.989293361884368,High
324,Gravity Well,Overwatch 2,StarCraft II,FPS,19692,4245,2020,Unknown,Mexico,English,0,89,5,Professional,8924,0,22.2,1.0,8,Discord,False,0.0,5.0,True,0.215569774527727,3,Young Adult,6,16924,True,False,9.888018521632196,0.0,High
325,Red Storm,League of Legends,Rainbow Six Siege,MOBA,1231,403,2015,AS,Japan,Korean,0,3253,2,Amateur,1001,0,24.6,0.0,1,YouTube,False,0.0,22.0,False,0.3273761169780666,1,Young Adult,11,2001,False,False,7.116394144093465,0.0,Medium
326,Chaos Legion,StarCraft II,,Strategy,211,65,2018,Unknown,United States,Spanish,0,3253,2,Amateur,86,38,26.5,0.0,0,Discord,False,2.263157894736842,82.0,False,0.3080568720379147,1,Adult,8,124,False,True,5.356586274672012,0.0,Medium
327,Hellstorm,Fortnite,,Battle Royale,430,341,2020,AF,Turkey,English,9,3253,4,Semi-Pro,297,0,25.8,1.0,4,Reddit,False,0.0,11.0,False,0.7930232558139535,2,Adult,6,4297,True,False,6.066108090103747,20.930232558139537,Medium
328,Solar Wings,Apex Legends,,Battle Royale,449,168,2021,Unknown,United States,English,0,3398,4,Amateur,282,40,25.6,0.0,2,Discord,False,7.05,61.0,False,0.3741648106904232,1,Adult,5,2322,False,True,6.1092475827643655,0.0,Medium
329,Silent Killers,CS2,Valorant,FPS,89,41,2020,AS,Japan,Chinese,0,3005,3,Amateur,55,0,21.7,0.0,1,Discord,False,0.0,62.0,False,0.4606741573033708,1,Young Adult,6,1055,False,False,4.499809670330265,0.0,Medium
330,Wild Fire,Rocket League,Smite,Sports,1415,377,2024,OC,Australia,English,6,3005,2,Semi-Pro,1132,73,28.9,0.0,5,Discord,False,15.506849315068493,10.0,False,0.2664310954063604,2,Adult,2,6205,False,True,7.255591274253665,4.240282685512367,Medium
331,Fallen Angels,Call of Duty: Warzone,,FPS,531,215,2023,SA,Colombia,Spanish,0,3005,2,Amateur,232,0,15.6,0.0,2,Twitch,False,0.0,17.0,False,0.4048964218455744,1,Teen,3,2232,False,False,6.2766434893416445,0.0,Medium
332,Titan Fall,Fortnite,,Battle Royale,50,24,2019,EU,United Kingdom,English,0,1189,2,Amateur,50,0,22.6,0.0,2,Discord,False,0.0,82.0,False,0.48,1,Young Adult,7,2050,False,False,3.9318256327243257,0.0,High
333,Void Reapers,Smite,,MOBA,119,44,2020,OC,New Zealand,English,0,1189,1,Amateur,50,0,22.7,0.0,0,Discord,False,0.0,21.0,False,0.3697478991596639,1,Young Adult,6,50,False,False,4.787491742782046,0.0,High
334,Abyssal Lords,Apex Legends,League of Legends,Battle Royale,633,231,2019,AS,Singapore,Chinese,5,1189,1,Semi-Pro,0,140,22.9,0.0,3,YouTube,False,0.0,36.0,False,0.36492890995260663,2,Young Adult,7,3140,False,False,6.452048954437226,7.898894154818326,High
335,Blizzard Hawks,Overwatch 2,Smite,FPS,253,155,2021,Unknown,United States,English,0,2994,3,Amateur,160,85,23.5,0.0,1,Discord,False,1.8823529411764706,64.0,False,0.6126482213438735,1,Young Adult,5,1245,False,True,5.537334267018537,0.0,Medium
336,Golden Eagles,League of Legends,,MOBA,272,147,2013,SA,Brazil,Spanish,4,324,3,Semi-Pro,243,78,28.3,0.0,3,YouTube,False,3.1153846153846154,26.0,False,0.5404411764705882,2,Adult,13,3321,False,True,5.60947179518496,14.705882352941176,High
337,Frost Bite,CS2,Rocket League,FPS,708,285,2016,EU,Germany,Spanish,8,876,2,Semi-Pro,663,0,25.6,2.0,3,Discord,False,0.0,37.0,False,0.4025423728813559,2,Adult,10,3663,True,False,6.5638555265321274,11.299435028248588,High
338,Pulse Nation,Apex Legends,Rainbow Six Siege,Battle Royale,507,282,2019,AS,South Korea,Korean,3,4726,2,Semi-Pro,466,0,21.7,0.0,1,Discord,False,0.0,33.0,False,0.5562130177514792,2,Young Adult,7,1466,False,False,6.230481447578482,5.9171597633136095,Medium
339,Pyro Clan,Street Fighter 6,Call of Duty: Warzone,Fighting,73,37,2024,AS,Taiwan,Japanese,0,4693,1,Amateur,50,0,26.0,0.0,2,Reddit,False,0.0,64.0,False,0.5068493150684932,1,Adult,2,2050,False,False,4.30406509320417,0.0,Medium
340,Arctic Fury,Rocket League,,Sports,1728,571,2016,AS,Singapore,Korean,0,4693,3,Amateur,1306,586,17.4,0.0,1,Discord,False,2.2286689419795223,19.0,False,0.3304398148148148,1,Teen,10,2892,False,True,7.455298485683291,0.0,Medium
341,Cosmos Legion,Overwatch 2,Rainbow Six Siege,FPS,206,88,2016,EU,Denmark,English,0,4693,1,Amateur,93,51,20.7,0.0,0,Twitch,False,1.8235294117647058,67.0,False,0.42718446601941745,1,Young Adult,10,144,False,True,5.332718793265369,0.0,Medium
342,Noble Guard,PUBG: Battlegrounds,,Battle Royale,5971,1474,2019,Unknown,United States,English,3,3733,5,Semi-Pro,0,2082,24.6,1.0,4,Reddit,False,0.0,17.0,True,0.24685982247529728,2,Young Adult,7,6082,True,False,8.69483715865908,0.5024284039524368,Medium
343,Steel Vanguard,Rocket League,,Sports,1853,903,2019,EU,Netherlands,German,7,3733,1,Semi-Pro,1129,133,25.3,0.0,3,Discord,False,8.488721804511279,16.0,True,0.4873178629249865,2,Adult,7,4262,False,True,7.5251007461258,3.7776578521316786,Medium
344,Blade Storm,CS2,StarCraft II,FPS,80,36,2015,AF,Egypt,Arabic,0,9665,3,Amateur,60,23,22.3,0.0,2,Discord,False,2.608695652173913,19.0,False,0.45,1,Young Adult,11,2083,False,True,4.394449154672439,0.0,Low
345,Canyon Dragons,CS2,Valorant,FPS,1079,430,2021,Unknown,United States,English,0,9665,3,Amateur,1021,69,22.6,0.0,0,Discord,False,14.797101449275363,37.0,False,0.3985171455050973,1,Young Adult,5,1090,False,True,6.984716320118266,0.0,Low
346,Ghost Fire,Rainbow Six Siege,,FPS,820,378,2023,OC,Australia,English,7,5117,1,Semi-Pro,512,259,19.9,1.0,3,Discord,False,1.9768339768339769,9.0,False,0.4609756097560976,2,Young Adult,3,3771,True,True,6.710523109452428,8.536585365853659,Medium
347,Raven Guard,Street Fighter 6,,Fighting,58240,12437,2023,Unknown,Mexico,Spanish,0,6879,7,Professional,35297,15616,20.6,3.0,4,Twitch,False,2.26030993852459,3.0,True,0.2135473901098901,3,Young Adult,3,54913,True,True,10.97234485305283,0.0,Low
348,Raging Tempest,League of Legends,,MOBA,510,146,2017,SA,Argentina,Portuguese,0,6879,3,Amateur,399,52,22.6,0.0,0,Discord,False,7.673076923076923,27.0,False,0.28627450980392155,1,Young Adult,9,451,False,True,6.236369590203704,0.0,Low
349,Dark Current,Final Fantasy XIV,Tekken 8,MMORPG,1623,781,2020,AS,Singapore,Chinese,0,5086,2,Amateur,0,400,24.6,0.0,1,Discord,False,0.0,16.0,False,0.48120764017252005,1,Young Adult,6,1400,False,False,7.392647520721623,0.0,Medium
350,Comet Strike,Call of Duty: Warzone,CS2,FPS,14577,4811,2020,SA,Argentina,Portuguese,0,1173,0,Semi-Pro,11423,1276,24.4,2.0,4,Discord,False,8.952194357366771,1.0,True,0.33004047472045,2,Young Adult,6,16699,True,True,9.587268821942159,0.0,High
351,Iron Fist,Valorant,PUBG: Battlegrounds,FPS,50,26,2020,EU,United Kingdom,Russian,0,1173,3,Amateur,50,15,18.6,0.0,2,Discord,False,3.3333333333333335,80.0,False,0.52,1,Young Adult,6,2065,False,True,3.9318256327243257,0.0,High
352,Thunder Hawks,Rainbow Six Siege,,FPS,181,117,2022,Unknown,Canada,English,3,1173,1,Semi-Pro,75,0,20.7,1.0,4,Reddit,False,0.0,68.0,False,0.6464088397790055,2,Young Adult,4,4075,True,False,5.204006687076795,16.574585635359117,High
353,Lunar Wolves,Dota 2,Overwatch 2,MOBA,4035,1897,2024,AF,Egypt,Arabic,7,7251,2,Semi-Pro,0,330,22.6,0.0,4,Reddit,False,0.0,4.0,False,0.4701363073110285,2,Young Adult,2,4330,False,False,8.3030093814735,1.7348203221809169,Low
354,Gorge Wolves,CS2,Call of Duty: Warzone,FPS,104,39,2024,Unknown,Canada,English,0,7251,2,Amateur,65,0,22.6,0.0,2,Discord,False,0.0,85.0,False,0.375,1,Young Adult,2,2065,False,False,4.653960350157523,0.0,Low
355,Quantum Pact,Call of Duty: Warzone,,FPS,419,177,2020,SA,Brazil,Portuguese,0,7251,2,Amateur,299,145,22.4,0.0,1,Twitch,False,2.0620689655172413,22.0,False,0.4224343675417661,1,Young Adult,6,1444,False,True,6.040254711277414,0.0,Low
356,Crimson Claw,World of Warcraft,Tekken 8,MMORPG,1304,480,2023,Unknown,Canada,English,1,7251,1,Amateur,1143,0,22.6,0.0,0,Twitch,False,0.0,34.0,False,0.36809815950920244,1,Young Adult,3,1143,False,False,7.173958319756794,0.7668711656441718,Low
357,Tundra Pack,Apex Legends,Dota 2,Battle Royale,60,34,2019,EU,Russia,Russian,0,4422,2,Amateur,50,0,23.4,0.0,0,Reddit,False,0.0,77.0,False,0.5666666666666667,1,Young Adult,7,50,False,False,4.110873864173311,0.0,Medium
