community_name,primary_game,genre_name,discord_size,reddit_size
"Nitro Wolves",Valorant,FPS,375,133
"Arcane Wolves","League of Legends",MOBA,135,0
"Storm Front","Rainbow Six Siege",FPS,78,38
"Frost Warriors",Valorant,FPS,164,0
"Frozen North","Apex Legends","Battle Royale",1894,0
"Eco Force",CS2,FPS,909,372
Hellfire,Valorant,FPS,219,95
"Iron Wolves",Valorant,FPS,1417,0
"Clutch Factor","Apex Legends","Battle Royale",989,0
"Speed Demons","Final Fantasy XIV",MMORPG,6450,0
"Raging Bulls","Call of Duty Warzone",FPS,2803,547
"Iron Tide","Overwatch 2",FPS,586,169
"Byte Force","Rocket League",Sports,8945,0
"Ace Pack",Valorant,FPS,50,10
"Neon Riders","Dota 2",MOBA,577,0
"Neon Wolves","Rainbow Six Siege",FPS,491,152
Thundercats,"Overwatch 2",FPS,1016,0
"Lunar Strike","Final Fantasy XIV",MMORPG,192,51
"Flash Clan","League of Legends",MOBA,143,0
Sunfire,"Call of Duty Warzone",FPS,52,0
