community_id,community_name,primary_game,secondary_game,genre,member_count,active_players,year_founded,region,country_of_origin,language,tournaments_hosted,average_prize_pool_usd,top_player_rank,sponsorship,social_media_platforms,community_tier,discord_server_size,reddit_community_size,twitch_stream_viewers_avg,avg_member_age,coaching_staff,content_creators,win_rate_pct,monthly_revenue_usd,verified_account,primary_platform,recruitment_open
COM-0001,Nitro Wolves,Valorant,PUBG: Battlegrounds,FPS,421,243,2020,OC,Australia,English,0,,,No,1,Amateur,375,133,,17.1,0,2,,,No,Reddit,No
COM-0002,Arcane Wolves,League of Legends,,MOBA,166,77,2019,NA,United States,English,0,,6846,No,1,Amateur,135,,,21.9,0,1,,,No,Reddit,Yes
COM-0003,Storm Front,Rainbow Six Siege,StarCraft II,FPS,115,36,2016,AS,China,Korean,0,,,No,3,Amateur,78,38,32,26.1,0,0,,,No,Discord,Yes
COM-0004,Frost Warriors,Valorant,Fortnite,FPS,181,104,2020,AS,Singapore,Korean,6,8441.11,,Yes,2,Professional,164,,,17.3,3,14,47.1,6347.79,No,Discord,No
COM-0005,Frozen North,Apex Legends,Dota 2,Battle Royale,2800,1056,2019,AS,South Korea,Japanese,5,1451.79,2523,Yes,5,Semi-Pro,1894,,,25.9,0,3,10.3,,No,Discord,No
COM-0006,Eco Force,CS2,Smite,FPS,1078,345,2022,EU,Netherlands,English,11,,,Yes,2,Professional,909,372,,22.5,3,8,26.0,6086.17,No,Twitch,No
COM-0007,Hellfire,Valorant,StarCraft II,FPS,332,131,2020,EU,Denmark,French,9,41650.92,789,Yes,4,Professional,219,95,330,24.8,4,6,20.8,13022.41,No,Twitch,No
COM-0008,Iron Wolves,Valorant,,FPS,3085,1149,2020,NA,United States,English,0,,3141,No,4,Semi-Pro,1417,,,17.2,1,1,,,No,Discord,No
COM-0009,Clutch Factor,Apex Legends,,Battle Royale,1259,614,,OC,Australia,English,0,,,Yes,4,Amateur,989,,41,21.6,0,1,,,No,Discord,No
COM-0010,Speed Demons,Final Fantasy XIV,League of Legends,MMORPG,8635,2004,2020,NA,United States,English,1,2226.19,4648,No,3,Semi-Pro,6450,,,26.4,0,1,14.7,,No,Twitch,Yes
COM-0011,Raging Bulls,Call of Duty: Warzone,Smite,FPS,3020,975,2022,EU,Denmark,German,11,2179.23,2960,No,3,Semi-Pro,2803,547,,24.1,1,3,32.6,,No,Discord,Yes
COM-0012,Iron Tide,Overwatch 2,,FPS,913,451,2021,AS,Singapore,Chinese,0,,,No,4,Amateur,586,169,,24.3,0,0,,261.11,No,Discord,Yes
COM-0013,Byte Force,Rocket League,Fortnite,Sports,9665,3270,2016,EU,Netherlands,French,3,1096.57,5901,No,4,Semi-Pro,8945,,,23.3,0,1,51.8,,No,Discord,Yes
COM-0014,Ace Pack,Valorant,Fortnite,FPS,50,26,2020,NA,United States,Spanish,0,,,No,2,Amateur,50,10,38,31.8,0,1,,,No,Twitter/X,Yes
COM-0015,Neon Riders,Dota 2,,MOBA,1099,284,2017,SA,Chile,Portuguese,0,,2617,No,3,Amateur,577,,,26.0,0,2,,1220.15,No,YouTube,Yes
COM-0016,Neon Wolves,Rainbow Six Siege,Rocket League,FPS,560,295,2018,NA,Canada,English,0,,,Yes,4,Amateur,491,152,,,0,0,,,No,Twitch,No
COM-0017,Thundercats,Overwatch 2,Valorant,FPS,1663,824,2016,EU,Poland,English,4,202.63,,No,4,Semi-Pro,1016,,55,26.0,0,0,51.6,,Yes,Discord,No
COM-0018,Lunar Strike,Final Fantasy XIV,Valorant,MMORPG,213,157,2016,SA,Argentina,Portuguese,0,,,No,4,Amateur,192,51,2,27.8,0,0,,,No,Discord,Yes
COM-0019,Flash Clan,League of Legends,Tekken 8,MOBA,178,77,,NA,Canada,Spanish,0,,,No,,Amateur,143,,,21.4,0,1,,,No,Twitch,No
COM-0020,Turbo Knights,Street Fighter 6,,Fighting,671,,2023,EU,Sweden,Spanish,0,,,No,3,Amateur,346,,,31.0,0,2,,,No,Twitter/X,No
COM-0021,Sunfire,Call of Duty: Warzone,,FPS,115,61,2023,EU,Russia,German,0,,6993,No,4,Amateur,52,,,20.5,0,0,,,No,Discord,No
COM-0022,Black Hole Squad,Valorant,Call of Duty: Warzone,FPS,3842,1341,3005,OC,Australia,English,6,2070.57,3992,No,5,Semi-Pro,2996,482,,,1,,33.8,265.85,No,YouTube,No
COM-0023,Solar Monks,Overwatch 2,World of Warcraft,FPS,1089,500,2016,AF,Turkey,Arabic,12,175.1,,No,2,Semi-Pro,788,353,,24.9,0,0,21.2,,Yes,Discord,No
COM-0024,Packet Loss,League of Legends,,MOBA,1054,505,,OC,New Zealand,English,0,,,No,2,Amateur,799,78,,22.2,0,1,,1507.0,No,Discord,Yes
COM-0025,Thunder Legion,Tekken 8,Valorant,Fighting,1844,670,2024,NA,Mexico,English,0,,,No,3,Amateur,786,,,26.6,0,1,,,No,Discord,Yes
COM-0026,Pixel Storm,Rainbow Six Siege,,FPS,147,71,2016,NA,Canada,English,0,,7197,No,3,Amateur,60,16,,23.2,0,1,,,No,Twitch,Yes
COM-0027,Gold Rush,Smite,,MOBA,2659,,2015,EU,Germany,Spanish,0,,1723,No,2,Semi-Pro,2342,863,,25.7,2,4,,,No,Discord,Yes
COM-0028,Midnight Blade,Apex Legends,,Battle Royale,533,203,2019,AS,Taiwan,Korean,0,,5007,No,3,Amateur,269,132,,22.5,0,0,,,No,Discord,No
COM-0029,Flick Masters,Fortnite,World of Warcraft,Battle Royale,367,164,2018,NA,United States,Spanish,0,,2230,No,4,Amateur,233,46,,17.4,0,2,,251.7,No,Discord,No
COM-0030,Galaxy Pact,Apex Legends,,Battle Royale,656,174,2019,SA,Brazil,Portuguese,0,,9128,No,3,Amateur,,120,,22.1,0,0,,,No,Reddit,No
COM-0031,Ember Storm,Overwatch 2,,FPS,1198,,2021,SA,Argentina,Spanish,0,,,Yes,4,Amateur,882,369,25,23.3,0,2,,916.16,No,Twitch,No
COM-0032,Reaper Crew,CS2,,FPS,124286,8596,,AS,Taiwan,Chinese,0,,441,Yes,7,Elite,90433,10853,,,7,,,110501.49,Yes,Discord,No
COM-0033,War Eagles,Call of Duty: Warzone,,FPS,92,58,2023,AS,Singapore,Chinese,6,572.74,,No,1,Semi-Pro,80,10,,20.8,2,,,,No,Discord,Yes
COM-0034,Neon Flash,Call of Duty: Warzone,Tekken 8,FPS,674,377,2020,NA,United States,English,0,,,No,1,Amateur,395,121,,27.4,0,1,,,No,Discord,Yes
COM-0035,Entry Fraggers,League of Legends,,MOBA,573,287,2018,AS,South Korea,English,0,,,No,2,Amateur,536,,,22.1,0,1,,1140.7,No,Twitch,Yes
COM-0036,Dark Energy,Rocket League,,Sports,105,41,2020,EU,Netherlands,English,0,,8058,No,4,Amateur,90,21,,29.6,0,0,,,No,Discord,No
COM-0037,Primal Rage,League of Legends,Rocket League,MOBA,607,174,2013,EU,United Kingdom,English,2,97.04,1521,No,3,Amateur,348,66,,24.6,0,0,,,Yes,Discord,Yes
COM-0038,Void Walkers,Final Fantasy XIV,,MMORPG,50,,2022,NA,United States,English,0,,,No,2,Amateur,50,13,,30.3,0,1,,,No,Discord,Yes
COM-0039,Equinox Force,CS2,World of Warcraft,FPS,2338,1228,2023,OC,Australia,English,0,,3916,No,3,Semi-Pro,1303,623,,23.1,0,2,,,No,Discord,No
COM-0040,Phantom Drift,Dota 2,Smite,MOBA,1384,,2017,SA,Colombia,Portuguese,0,,6662,No,1,Amateur,,110,,22.9,0,2,,,No,YouTube,Yes
COM-0041,Broken Arrow_real,Rocket League,,Sports,164,89,2016,NA,United States,Spanish,0,,7434,No,4,Amateur,134,34,,25.9,0,2,,,No,Discord,Yes
COM-0042,War Hammer,CS2,League of Legends,FPS,13712,3220,2018,NA,United States,English,0,,5267,No,6,Semi-Pro,7141,1017,,14.0,2,3,,,No,Twitter/X,Yes
COM-0043,Starfall,Tekken 8,Apex Legends,Fighting,1873,782,2024,EU,France,Spanish,5,1062.21,,No,2,Semi-Pro,1601,375,,29.6,0,4,47.5,685.01,Yes,Discord,Yes
COM-0044,Black Ops Unit,Apex Legends,,Battle Royale,289,153,2019,EU,Poland,German,0,,3612,No,1,Amateur,273,,,14.0,0,0,,,No,Discord,Yes
COM-0045,Ragebolt,Call of Duty: Warzone,Tekken 8,FPS,109,,2020,NA,United States,English,0,,,No,,Amateur,73,,40,19.4,0,2,,691.18,Yes,Reddit,Yes
COM-0046,Wallbang Society,Fortnite,Rocket League,Battle Royale,93,,2018,EU,Poland,French,7,463.19,,No,,Semi-Pro,50,28,,21.3,0,4,52.5,708.98,No,Discord,No
COM-0047,Warp Riders,League of Legends,Tekken 8,MOBA,11475,1956,,EU,Sweden,English,6,842.26,,No,5,Semi-Pro,9886,3076,,26.6,2,0,21.7,,No,Twitter/X,Yes
COM-0048,Desert Fox,League of Legends,,MOBA,803,374,2023,OC,Australia,English,6,774.7,5179,No,3,Semi-Pro,427,,,25.0,2,1,18.1,,No,Twitch,Yes
COM-0049,Burst Mode,Valorant,PUBG: Battlegrounds,FPS,6754,,2020,OC,Australia,English,4,1551.75,,Yes,4,Semi-Pro,5972,1206,121,23.5,0,3,,,No,Reddit,No
COM-0050,Crossfire Unit,Smite,League of Legends,MOBA,191,128,2020,AS,South Korea,English,0,,9843,No,2,Amateur,81,,24,24.1,0,0,,,No,Discord,Yes
COM-0051,Havoc Unit,Rocket League,,Sports,210,110,2024,NA,United States,English,0,,,No,1,Amateur,178,29,,22.4,0,2,,,Yes,Twitter/X,No
COM-0052,Inertia Legion,World of Warcraft,Apex Legends,MMORPG,2724,,2015,NA,Mexico,Spanish,3,917.26,3653,No,4,Semi-Pro,2069,843,,27.8,0,0,20.3,,No,Discord,No
COM-0053,Iron Sharks,World of Warcraft,Tekken 8,MMORPG,3074,926,2010,SA,Brazil,Portuguese,1,305.77,,No,2,Semi-Pro,1684,831,,32.6,2,1,20.4,,No,YouTube,Yes
COM-0054,Solar Ascent,Valorant,Call of Duty: Warzone,FPS,10459,2863,2020,NA,United States,Spanish,0,,4174,No,6,Semi-Pro,6265,,,22.9,0,5,,,No,Discord,Yes
COM-0055,Input Lag,Valorant,,FPS,50,18,2021,EU,Sweden,English,0,,,No,2,Amateur,50,15,,22.7,0,,,,No,YouTube,Yes
COM-0056,Typhoon,World of Warcraft,,MMORPG,3839,1285,,EU,Spain,Russian,0,,,No,3,Semi-Pro,1906,,,27.3,0,0,,,No,Discord,No
COM-0057,Momentum Pack,Fortnite,Valorant,Battle Royale,595,279,2018,SA,Colombia,Spanish,3,1971.53,,No,1,Semi-Pro,480,49,,22.0,2,4,39.6,,No,Reddit,Yes
COM-0058,Ghost Wolves,CS2,,FPS,508,202,2015,AS,China,Chinese,0,,,No,4,Amateur,271,,10,26.4,0,0,,,No,YouTube,Yes
COM-0059,Viper Strike,Dota 2,Overwatch 2,MOBA,58,38,2020,SA,Brazil,Portuguese,0,,,No,1,Amateur,50,,48,23.0,0,1,,1649.34,No,Discord,Yes
COM-0060,Phantom Strike,CS2,,FPS,50,23,2024,NA,Mexico,Spanish,0,,,No,2,Amateur,50,,,22.2,0,0,,729.48,No,Discord,Yes
COM-0061,Impact Wolves,Valorant,PUBG: Battlegrounds,FPS,652,271,2020,EU,Russia,English,2,70.62,2536,No,4,Amateur,429,82,32,22.0,0,2,,,No,YouTube,No
COM-0062,Dragon Scale,Call of Duty: Warzone,,FPS,754,263,2021,AF,Saudi Arabia,English,0,,4249,No,4,Amateur,393,243,47,19.1,0,,,748.69,No,YouTube,No
COM-0063,Ghost Protocol,Valorant,Final Fantasy XIV,FPS,50,18,2020,SA,Chile,Portuguese,4,1671.95,,No,3,Semi-Pro,50,10,,,2,1,,1008.46,No,Reddit,Yes
COM-0064,Dusk Raiders,Rainbow Six Siege,StarCraft II,FPS,637,305,,AS,Japan,Chinese,0,,8099,No,2,Amateur,449,159,46,15.7,0,2,,,No,Discord,No
COM-0065,Sky Wolves,Dota 2,Rainbow Six Siege,MOBA,13592,3900,2023,NA,United States,English,7,1494.02,4183,No,,Semi-Pro,10625,,130,,1,,21.0,,No,Reddit,Yes
COM-0066,Arcane Brotherhood,Rocket League,,Sports,3994,1059,,SA,Brazil,Portuguese,0,,,No,5,Semi-Pro,2008,,,16.5,0,1,,,No,Twitch,Yes
COM-0067,Plateau Riders,Smite,,MOBA,1875,680,2016,EU,Germany,German,0,,8550,No,3,Amateur,952,142,,19.6,0,1,,,No,Discord,Yes
COM-0068,Savage Storm,Rainbow Six Siege,Call of Duty: Warzone,FPS,117,82,,AS,Japan,Chinese,3,2746.25,5904,Yes,2,Semi-Pro,102,,,29.3,0,5,,,Yes,Discord,Yes
COM-0069,Shadow Reapers,Overwatch 2,,FPS,330,86,2022,SA,Argentina,Portuguese,0,,8762,No,3,Amateur,144,,14,20.5,0,1,,,No,Discord,Yes
COM-0070,Helix Hunters,League of Legends,CS2,MOBA,7782,2466,2021,AF,Egypt,Arabic,0,,1889,No,4,Semi-Pro,5162,1247,,23.8,2,3,,,No,Discord,No
COM-0071,Spike Rush,Rainbow Six Siege,Dota 2,FPS,235,129,2018,EU,Sweden,English,0,,9123,No,2,Amateur,158,,,27.9,0,2,,,No,Discord,Yes
COM-0072,Crystal Spire,Overwatch 2,Call of Duty: Warzone,FPS,102,42,2016,SA,Colombia,Portuguese,0,,8748,No,2,Amateur,56,,,24.8,0,2,,,No,Discord,No
COM-0073,Eclipse Hunters,Overwatch 2,,FPS,5950,1927,2021,NA,Canada,English,6,25327.12,393,Yes,2,Professional,2574,458,,17.3,3,12,44.6,12270.8,No,Twitch,Yes
COM-0074,Eclipse Hunters,Street Fighter 6,Tekken 8,Fighting,1265,408,2023,EU,Russia,Russian,0,,3097,No,3,Amateur,1167,212,,26.1,0,2,,,No,Twitter/X,Yes
COM-0075,Neon Surge,Street Fighter 6,PUBG: Battlegrounds,Fighting,7339,1265,2023,NA,Mexico,English,0,,,No,5,Semi-Pro,6002,717,,14.1,0,5,,,No,Reddit,No
COM-0076,Solstice Squad,Apex Legends,League of Legends,Battle Royale,922,379,2019,AS,South Korea,Chinese,2,79.23,2060,No,1,Amateur,400,,,23.2,0,0,,,No,Discord,Yes
COM-0077,Velocity,Rocket League,,Sports,440,222,2020,AS,Japan,Chinese,8,1444.26,4659,No,3,Semi-Pro,247,,,24.1,0,2,35.2,,No,Discord,Yes
COM-0078,Dark Matter,Valorant,StarCraft II,FPS,207,93,2020,EU,Germany,English,0,,,No,2,Amateur,145,21,,21.7,0,2,,,No,Reddit,Yes
COM-0079,Forest Wolves,PUBG: Battlegrounds,Rainbow Six Siege,Battle Royale,19467,3384,2017,AS,Japan,English,0,,1029,Yes,5,Professional,10386,,,19.9,2,6,,4172.87,Yes,Discord,Yes
COM-0080,Storm Hawks,Apex Legends,PUBG: Battlegrounds,Battle Royale,1777,646,2019,EU,Russia,Spanish,0,,4999,No,2,Amateur,1553,,,25.0,0,,,1768.85,No,Discord,No
COM-0081,Stellar Blaze,Overwatch 2,Street Fighter 6,FPS,170,119,2016,EU,Russia,Russian,0,,4603,No,4,Amateur,123,,,22.0,0,2,,,No,Discord,No
COM-0082,Rogue Nation,PUBG: Battlegrounds,,Battle Royale,326,,2017,NA,United States,English,0,,,No,2,Amateur,270,47,4,14.0,0,2,,,No,Reddit,No
COM-0083,Warpath,Final Fantasy XIV,Dota 2,MMORPG,15277,5303,2017,AS,China,Korean,0,,286,Yes,4,Professional,8725,,,27.0,2,9,,13985.81,Yes,Reddit,No
COM-0084,Orbital Strike,Valorant,Rainbow Six Siege,FPS,581,246,2020,NA,Canada,Spanish,0,,,No,3,Amateur,448,84,,16.0,0,0,,,No,YouTube,No
COM-0085,Crimson Sky,CS2,League of Legends,FPS,3431,,2015,AS,Japan,Japanese,8,1166.21,1897,No,,Semi-Pro,1731,1176,,19.0,2,4,33.3,,No,Discord,No
COM-0086,Sky Titans,CS2,Rocket League,FPS,374,149,2016,SA,Brazil,Portuguese,0,,,No,2,Amateur,227,106,,16.3,0,1,,,No,Discord,No
COM-0087,Shadow Council,Fortnite,,Battle Royale,1486,671,2024,EU,Netherlands,Russian,3,1072.99,,No,4,Semi-Pro,,,,22.5,2,3,29.3,990.77,No,Twitter/X,No
COM-0088,Emerald Legion,CS2,Street Fighter 6,FPS,50,31,2087,SA,Chile,Spanish,5,482.03,,No,2,Semi-Pro,50,,,20.6,2,2,17.4,,No,YouTube,Yes
COM-0089,Night Stalker,Rocket League,Apex Legends,Sports,500,104,2019,EU,Russia,English,7,678.35,5734,No,4,Semi-Pro,457,,50,25.5,2,2,20.5,,No,Reddit,Yes
COM-0090,Sand Vipers,League of Legends,Rainbow Six Siege,MOBA,108,,2016,NA,United States,Spanish,7,1949.18,,No,4,Semi-Pro,50,27,,21.0,2,5,41.8,,No,Discord,Yes
COM-0091,Stardust Guild,Smite,Tekken 8,MOBA,60,,2014,AF,Turkey,English,0,,,No,,Amateur,50,10,,31.2,0,0,,,No,Reddit,Yes
COM-0092,Pale Riders,Fortnite,,Battle Royale,443,257,2020,EU,Spain,French,0,,,No,2,Amateur,197,69,,,0,1,,1595.87,No,Discord,Yes
COM-0093,Antimatter Legion,League of Legends,,MOBA,3071,1034,2018,EU,Netherlands,English,0,,,No,,Semi-Pro,2372,1007,183,18.8,1,5,,,No,Twitch,Yes
COM-0094,Sakura Blades,Call of Duty: Warzone,Valorant,FPS,2733,923,2020,NA,Canada,English,0,,,No,5,Semi-Pro,1373,189,,24.3,2,5,,,No,Twitch,No
COM-0095,Rustic Raiders,World of Warcraft,Valorant,MMORPG,8541,2486,2019,NA,United States,Spanish,0,,564,No,2,Semi-Pro,6795,,,31.8,2,0,,,No,Discord,Yes
COM-0096,Phantom Legion,Rocket League,StarCraft II,Sports,899,239,,SA,Brazil,Spanish,0,,,No,1,Amateur,491,74,,22.8,0,0,,,No,YouTube,Yes
COM-0097,Thunder Clan,Valorant,,FPS,2378,1248,2020,AS,China,Chinese,0,,,Yes,5,Semi-Pro,1363,,,16.2,1,2,,,No,Twitch,No
COM-0098,Crimson Dragon,Rainbow Six Siege,Street Fighter 6,FPS,572,212,2017,NA,United States,English,0,,,No,4,Amateur,342,,,20.8,0,2,,,No,Discord,Yes
COM-0099,Raider Nation,Overwatch 2,Final Fantasy XIV,FPS,481,172,2016,EU,Germany,French,0,,1840,Yes,,Amateur,212,,,17.8,0,1,,993.98,Yes,Discord,No
COM-0100,Specter Division,League of Legends,Dota 2,MOBA,158,60,2022,AS,China,Chinese,6,855.93,,No,3,Semi-Pro,90,51,,23.7,1,,35.9,,No,Discord,Yes
COM-0101,Frost Legion,Overwatch 2,World of Warcraft,FPS,187,129,2018,AF,Egypt,Arabic,0,,2401,No,2,Amateur,117,,24,19.9,0,0,,,No,Reddit,Yes
COM-0102,Rapid Fire,Fortnite,League of Legends,Battle Royale,498,309,2018,NA,Canada,Spanish,2,269.76,1424,No,2,Amateur,231,122,,17.1,0,2,,897.55,No,Discord,Yes
COM-0103,Neon Eagles,Rainbow Six Siege,Final Fantasy XIV,FPS,286,155,2018,NA,United States,English,0,,,No,1,Amateur,241,67,44,16.8,0,,,,No,Discord,Yes
COM-0104,Rune Masters,League of Legends,Rocket League,MOBA,550,272,2022,NA,United States,English,8,326.61,,No,,Semi-Pro,486,154,,27.4,0,5,37.3,,No,Discord,Yes
COM-0105,Crimson Pact,PUBG: Battlegrounds,Apex Legends,Battle Royale,2003,576,2019,EU,Netherlands,English,4,507.6,3078,No,4,Semi-Pro,1653,232,,25.5,0,2,46.2,,No,Twitch,No
COM-0106,Gravity Well,Tekken 8,Fortnite,Fighting,1125,,,AS,Singapore,Japanese,0,,2229,No,4,Amateur,646,,,21.3,0,2,,1512.98,No,Twitter/X,No
COM-0107,Red Storm,Rocket League,Fortnite,Sports,53,,2019,EU,Germany,Russian,5,5849.68,,Yes,2,Semi-Pro,50,18,,21.8,2,4,34.6,755.28,No,Discord,Yes
COM-0108,Chaos Legion,World of Warcraft,,MMORPG,2596,1362,2021,NA,United States,English,1,1416.65,1138,No,4,Semi-Pro,1133,465,135,33.2,0,2,53.1,,No,Discord,Yes
COM-0109,Hellstorm,Call of Duty: Warzone,Rocket League,FPS,3185,1104,2020,AS,China,Korean,0,,,No,2,Semi-Pro,2364,,,19.9,2,5,,,No,YouTube,Yes
COM-0110,Solar Wings,Dota 2,,MOBA,8936,2204,2018,SA,Brazil,Portuguese,0,,,No,3,Semi-Pro,7546,1888,98,26.4,2,5,,1687.11,No,Discord,Yes
COM-0111,Silent Killers,PUBG: Battlegrounds,,Battle Royale,400,254,2017,NA,United States,Spanish,0,,,No,3,Amateur,349,46,,21.2,0,0,,,No,Discord,Yes
COM-0112,Wild Fire,Apex Legends,Fortnite,Battle Royale,811,348,2019,NA,United States,English,0,,,No,3,Amateur,535,43,,19.7,0,1,,,No,Discord,Yes
COM-0113,Fallen Angels,Dota 2,Fortnite,MOBA,31155,5584,2012,NA,Canada,Spanish,0,,441,Yes,3,Professional,19820,,,25.8,1,14,,2339.51,Yes,Reddit,Yes
COM-0114,Titan Fall,Rocket League,Overwatch 2,Sports,282,110,,EU,Sweden,German,5,320.79,,No,2,Semi-Pro,227,34,,24.3,2,2,16.1,,No,Discord,Yes
COM-0115,Void Reapers,Valorant,Smite,FPS,265,167,2020,OC,Australia,English,5,220.42,,No,4,Semi-Pro,111,33,,18.5,1,5,22.6,,No,Twitch,No
COM-0116,Tidal Wave,Rainbow Six Siege,PUBG: Battlegrounds,FPS,51,31,2022,EU,Sweden,Spanish,6,2668.13,,No,4,Semi-Pro,50,10,,22.8,1,1,53.5,,No,Discord,No
COM-0117,Abyssal Lords,Apex Legends,Smite,Battle Royale,255,119,2022,EU,Germany,French,5,1579.86,,No,3,Semi-Pro,220,60,15,24.2,1,,36.0,1030.35,No,Discord,Yes
COM-0118,Blood Ravens,World of Warcraft,Tekken 8,MMORPG,357,196,2023,EU,United Kingdom,Russian,0,,2546,No,2,Amateur,305,,,34.3,0,0,,,No,Discord,No
COM-0119,Blizzard Hawks,PUBG: Battlegrounds,Tekken 8,Battle Royale,52801,11612,2017,AS,Taiwan,Chinese,0,,,Yes,,Professional,34607,8428,,23.5,3,5,,9348.35,Yes,YouTube,No
COM-0120,Golden Eagles,Fortnite,,Battle Royale,597,,2022,AS,South Korea,Korean,1,334.25,6804,No,4,Amateur,344,183,26,20.4,0,1,,,No,Discord,No
COM-0121,Frost Bite,Apex Legends,Dota 2,Battle Royale,1344,472,2019,NA,United States,English,3,265.15,,No,3,Semi-Pro,919,,,18.7,1,,35.5,1241.8,No,Discord,Yes
COM-0122,Pulse Nation,Rainbow Six Siege,,FPS,102345,23727,2016,AS,China,Japanese,0,,434,Yes,4,Elite,95596,,,19.7,8,28,,64638.04,Yes,Twitch,Yes
COM-0123,Pyro Clan,World of Warcraft,Valorant,MMORPG,190,85,2015,NA,Mexico,English,0,,4276,No,4,Amateur,89,,10,,0,2,,,No,Reddit,Yes
COM-0124,Arctic Fury,World of Warcraft,,MMORPG,50,28,,AF,Saudi Arabia,English,0,,,No,3,Amateur,50,10,,28.8,0,2,,,No,Discord,Yes
COM-0125,Cosmos Legion,Apex Legends,,Battle Royale,306,115,2019,NA,Mexico,Spanish,6,,,No,3,Semi-Pro,233,,56,20.4,0,3,,1270.83,No,Discord,Yes
COM-0126,Feral Instinct,Dota 2,Smite,MOBA,2903,1339,2022,AF,Nigeria,English,5,511.05,468,No,5,Semi-Pro,1359,515,158,22.9,1,4,47.4,,No,YouTube,No
COM-0127,Noble Guard,League of Legends,,MOBA,660,284,,NA,Mexico,English,0,,5861,No,2,Amateur,357,129,,23.2,0,2,,,No,Discord,Yes
COM-0128,Polar Bears,Valorant,Rocket League,FPS,818,387,2022,NA,Canada,English,6,7685.37,943,Yes,2,Professional,380,,,22.3,3,12,55.3,13257.81,No,YouTube,No
COM-0129,Steel Phoenix,Tekken 8,Rainbow Six Siege,Fighting,99,66,2024,OC,Australia,English,0,,,No,3,Amateur,50,11,12,,0,0,,,No,Discord,Yes
COM-0130,Kinetic Energy,Call of Duty: Warzone,StarCraft II,FPS,356,197,2020,SA,Brazil,Portuguese,0,,,No,2,Amateur,209,69,,26.9,0,0,,,No,Discord,Yes
COM-0131,Steel Vanguard,League of Legends,PUBG: Battlegrounds,MOBA,106,34,2021,NA,United States,English,0,,,No,2,Amateur,50,,,22.1,0,1,,,No,Discord,Yes
COM-0132,Blade Storm,Dota 2,StarCraft II,MOBA,6606,867,,EU,Russia,Spanish,6,51743.92,1264,Yes,3,Professional,3811,1145,,20.1,3,10,45.8,9878.94,No,Discord,Yes
COM-0133,Canyon Dragons,Overwatch 2,Call of Duty: Warzone,FPS,543,245,2020,NA,United States,Spanish,0,,8907,No,4,Amateur,493,,,21.7,0,0,,1115.84,No,Discord,Yes
COM-0134,Ghost Fire,Valorant,PUBG: Battlegrounds,FPS,650,289,2022,AS,Singapore,Korean,0,,,No,4,Amateur,416,88,,23.4,0,0,,,No,Twitch,Yes
COM-0135,Raven Guard,CS2,,FPS,275,100,2015,NA,United States,English,4,1858.63,406,No,4,Semi-Pro,142,,59,15.7,2,2,21.5,,No,Discord,Yes
COM-0136,Raging Tempest,Apex Legends,,Battle Royale,352,180,2024,AS,China,Korean,3,169.93,,No,2,Semi-Pro,,,26,28.2,1,2,46.0,948.1,No,Twitter/X,No
COM-0137,Dark Current,Valorant,,FPS,225,87,2020,SA,Colombia,Spanish,0,,6050,No,2,Amateur,170,,,21.8,0,1,,,No,Twitch,Yes
COM-0138,Comet Strike,Smite,Apex Legends,MOBA,1170,501,2018,OC,Australia,English,0,,8870,No,2,Amateur,667,315,,21.6,0,2,,,No,Reddit,No
COM-0139,Iron Fist,Valorant,,FPS,822,226,2021,EU,United Kingdom,Russian,0,,9051,Yes,3,Amateur,361,,35,21.3,0,2,,743.57,No,Discord,No
COM-0140,Thunder Hawks,Overwatch 2,Apex Legends,FPS,1697,538,2017,EU,United Kingdom,Spanish,0,,6132,No,1,Amateur,,368,,26.2,0,0,,,No,Twitch,Yes
COM-0141,Lunar Wolves,CS2,World of Warcraft,FPS,291,199,2022,SA,Brazil,Portuguese,0,,,No,4,Amateur,241,95,,17.4,0,1,,,No,Reddit,No
COM-0142,Gorge Wolves,Fortnite,Tekken 8,Battle Royale,144,93,2019,EU,Denmark,English,0,,5476,Yes,4,Amateur,92,45,,25.8,0,1,,,No,Discord,No
COM-0143,Quantum Pact,Rocket League,Final Fantasy XIV,Sports,570,246,2016,EU,Sweden,French,2,54.45,5553,No,4,Amateur,361,182,,28.5,0,2,,,No,Discord,Yes
COM-0144,Crimson Claw,League of Legends,CS2,MOBA,5088,1259,2016,EU,Spain,English,7,446.95,3603,No,5,Semi-Pro,4269,1568,,26.3,0,1,41.5,,No,Discord,Yes
COM-0145,Tundra Pack,Valorant,Fortnite,FPS,342,,2024,SA,Colombia,Spanish,7,4890.93,,Yes,4,Professional,251,108,112,21.8,2,2,,13478.78,No,YouTube,No
COM-0146,Ember Knights,Call of Duty: Warzone,Rocket League,FPS,1256,719,2020,NA,United States,English,0,,6891,No,4,Amateur,724,415,,21.9,0,1,,,No,Discord,Yes
COM-0147,Pixel Knights,Fortnite,Smite,Battle Royale,303,117,2021,NA,United States,Spanish,0,,,No,4,Amateur,286,31,,25.4,0,1,,,No,Discord,No
COM-0148,Crystal Vanguard,Rocket League,,Sports,179,107,2016,NA,United States,English,4,2023.26,3179,No,3,Semi-Pro,78,25,,,1,3,,1265.53,No,Discord,Yes
COM-0149,Apex Predators,Call of Duty: Warzone,World of Warcraft,FPS,100,,,EU,Netherlands,French,0,,4916,No,4,Amateur,75,19,,26.3,0,0,,,No,Reddit,Yes
COM-0150,Blaze Unit,Call of Duty: Warzone,Smite,FPS,2176,673,2020,EU,Denmark,English,0,,1890,No,,Semi-Pro,1294,521,,27.0,2,2,,1791.68,No,Discord,No
COM-0151,Thermal Force,Rocket League,,Sports,114,77,2024,SA,Brazil,Portuguese,0,,9691,No,4,Amateur,94,23,,27.8,0,1,,,No,Reddit,Yes
COM-0152,Iron Ravens,CS2,,FPS,13360,4262,2019,AS,China,Chinese,8,5616.8,,Yes,3,Professional,11890,,,23.7,2,6,40.6,8948.68,Yes,Discord,Yes
COM-0153,Phantom Wolves,Street Fighter 6,StarCraft II,Fighting,832,348,2023,NA,United States,Spanish,4,,5144,Yes,4,Semi-Pro,528,,133,22.4,0,2,10.5,,No,Twitch,No
COM-0154,Omega Storm,Fortnite,,Battle Royale,50,30,2024,NA,Mexico,Spanish,0,,,No,4,Amateur,50,10,,22.5,0,1,,1324.28,No,Discord,Yes
COM-0155,Midnight Sun123,World of Warcraft,,MMORPG,44506,,2012,SA,Chile,Portuguese,0,,1635,No,3,Professional,24399,,,27.9,1,6,,,Yes,Twitter/X,No
COM-0156,Onyx Legion,Rainbow Six Siege,League of Legends,FPS,69,21,2017,NA,Mexico,Spanish,0,,,No,1,Amateur,62,23,,21.2,0,0,,,No,Discord,No
COM-0157,Night Vision,League of Legends,Street Fighter 6,MOBA,270,76,2022,NA,United States,English,8,928.63,,No,,Semi-Pro,216,83,,22.9,1,0,48.2,1232.48,No,Discord,No
COM-0158,Wraith Clan,Final Fantasy XIV,,MMORPG,50,,2023,AS,South Korea,Chinese,0,,,No,1,Amateur,50,,,29.5,0,2,,,No,Discord,Yes
COM-0159,Peak Vanguard,CS2,World of Warcraft,FPS,107,63,2024,NA,United States,English,9,790.42,,No,4,Semi-Pro,75,,,29.5,1,1,53.1,,No,Twitter/X,Yes
COM-0160,Event Horizon,Dota 2,,MOBA,29642,8478,2015,AS,South Korea,Chinese,7,13227.94,1984,Yes,5,Professional,27837,9399,,29.7,3,3,44.6,3846.39,Yes,Discord,Yes
COM-0161,Guild of Ancients,Rainbow Six Siege,CS2,FPS,112,,2016,EU,Russia,Russian,6,413.2,5768,No,2,Semi-Pro,50,18,62,30.9,1,2,,,No,Twitch,Yes
COM-0162,Digital Wolves,Overwatch 2,League of Legends,FPS,118,62,2019,SA,Colombia,Portuguese,0,,,No,3,Amateur,100,10,,21.1,0,2,,,No,Twitter/X,Yes
COM-0163,Wild Charge,Fortnite,Rocket League,Battle Royale,4822,1767,2021,AS,Japan,Korean,0,,,No,4,Semi-Pro,3125,1182,,17.9,0,1,,,No,Discord,No
COM-0164,Syndicate X,CS2,World of Warcraft,FPS,271,172,2024,EU,Russia,English,4,260.68,,No,3,Semi-Pro,208,54,,18.9,1,1,43.0,,No,Discord,Yes
COM-0165,Blue Flame,Rocket League,Apex Legends,Sports,434,233,2021,AF,Turkey,English,0,,5644,No,1,Amateur,204,,,19.1,0,0,,,No,Discord,Yes
COM-0166,Quasar Force,PUBG: Battlegrounds,CS2,Battle Royale,1351,507,2020,EU,Poland,Spanish,0,,,Yes,4,Amateur,1144,,,20.1,0,2,,,No,Twitter/X,Yes
COM-0167,Blaze Runners,CS2,World of Warcraft,FPS,509,159,2020,NA,United States,Spanish,14,18980.87,711,Yes,2,Professional,350,,,22.8,2,6,32.4,2214.3,No,Twitch,Yes
COM-0168,Vortex,Rocket League,Fortnite,Sports,47742,10874,2018,OC,Australia,English,4,2690.29,1592,Yes,6,Professional,39034,8824,,29.2,1,,60.0,8099.15,Yes,Discord,No
COM-0169,Inferno,Rainbow Six Siege,Street Fighter 6,FPS,78,44,2021,AS,Japan,Chinese,0,,,No,3,Amateur,63,20,,19.5,0,0,,1075.83,No,Discord,Yes
COM-0170,Shattered Glass,Valorant,StarCraft II,FPS,12225,3950,2020,NA,United States,English,0,,5606,No,5,Semi-Pro,11096,,,22.5,2,,,,No,Discord,Yes
COM-0171,Titan Breakers,PUBG: Battlegrounds,StarCraft II,Battle Royale,224,155,2019,AS,South Korea,Korean,7,9269.5,561,Yes,1,Professional,111,77,,25.6,1,13,,5353.64,No,Twitch,Yes
COM-0172,Thunderclap,Apex Legends,,Battle Royale,408,273,2021,EU,Netherlands,English,0,,5039,No,4,Amateur,272,101,,16.1,0,1,,,No,YouTube,No
COM-0173,Frame Drop,Final Fantasy XIV,Apex Legends,MMORPG,376,193,2020,OC,Australia,English,0,,,No,,Amateur,206,25,,34.6,0,0,,,No,Discord,No
COM-0174,Retake Squad,League of Legends,CS2,MOBA,88,40,2018,AS,Japan,Chinese,5,701.7,,No,4,Semi-Pro,50,21,,21.4,2,5,,,No,Discord,No
COM-0175,Neon Phoenix,CS2,Rocket League,FPS,321,167,2020,AS,Japan,Korean,0,,6076,Yes,2,Amateur,212,53,,20.4,0,1,,,No,Twitter/X,No
COM-0176,Midnight Protocol,Dota 2,,MOBA,56,20,2019,AF,South Africa,Arabic,0,,,No,3,Amateur,50,14,,21.6,0,1,,,No,Discord,Yes
COM-0177,Crimson Dawn,Final Fantasy XIV,Dota 2,MMORPG,1584,757,2013,NA,United States,English,0,,7524,No,3,Amateur,888,532,,33.4,0,1,,,No,Twitter/X,Yes
COM-0178,Nebula Wolves,Fortnite,Overwatch 2,Battle Royale,1976,445,2018,EU,Netherlands,Russian,3,1750.34,,No,3,Semi-Pro,1201,133,134,14.0,2,1,21.2,,No,Twitch,Yes
COM-0179,Axiom Legion,CS2,Rocket League,FPS,518,244,2020,EU,Netherlands,French,0,,3399,No,3,Amateur,342,,,21.8,0,2,,979.93,No,Discord,Yes
COM-0180,Cold Blooded,PUBG: Battlegrounds,Rocket League,Battle Royale,106,77,2017,AS,Taiwan,Korean,0,,2476,No,1,Amateur,84,25,,27.3,0,1,,,No,Discord,Yes
COM-0181,Hyper Drive,Rainbow Six Siege,StarCraft II,FPS,63,33,2016,AS,China,Korean,0,,,No,1,Amateur,50,,,23.0,0,1,,,No,Discord,Yes
COM-0182,Azure Titans,PUBG: Battlegrounds,Apex Legends,Battle Royale,702,359,2017,NA,Mexico,English,0,,3384,No,2,Amateur,660,134,,21.4,0,0,,1878.15,No,Discord,Yes
COM-0183,Eclipse Corps,Overwatch 2,Dota 2,FPS,290,152,2016,EU,Denmark,French,8,581.78,4723,No,2,Semi-Pro,176,96,80,20.7,2,2,15.1,,No,YouTube,No
COM-0184,Desert Storm,Fortnite,PUBG: Battlegrounds,Battle Royale,151,57,2020,AS,Japan,Chinese,0,,,No,2,Amateur,85,14,,19.7,0,2,,,No,Discord,Yes
COM-0185,Rush B Collective,Dota 2,Fortnite,MOBA,318,206,,EU,Sweden,English,0,,,No,3,Amateur,291,,,25.4,0,1,,,No,YouTube,Yes
COM-0186,Fury Road,Rocket League,Overwatch 2,Sports,80,42,2018,SA,Argentina,Portuguese,0,,,No,,Amateur,74,,,17.6,0,0,,1561.96,No,Discord,Yes
COM-0187,Pulsar Pack,Valorant,Fortnite,FPS,1306,580,2021,NA,Canada,English,0,,,No,4,Amateur,1237,372,23,19.6,0,2,,,No,Twitter/X,Yes
COM-0188,Latency Kings,Rainbow Six Siege,Dota 2,FPS,121,60,2022,AF,Nigeria,English,4,4144.14,5261,No,1,Semi-Pro,52,41,,21.2,0,3,49.4,,No,Reddit,No
COM-0189,Hyper Wolves,Overwatch 2,Street Fighter 6,FPS,131,43,2016,EU,France,English,4,1010.87,,No,2,Semi-Pro,103,,,26.1,1,3,,,No,Discord,Yes
COM-0190,Shockwave,StarCraft II,,Strategy,318,104,2021,EU,Denmark,Spanish,0,,2607,No,2,Amateur,253,,25,20.1,0,0,,,No,Reddit,Yes
COM-0191,Titanfall,PUBG: Battlegrounds,,Battle Royale,260,128,2022,SA,Argentina,Spanish,3,615.93,4218,No,1,Semi-Pro,200,,,19.6,0,4,45.5,,No,Discord,Yes
COM-0192,Phoenix Rising,League of Legends,PUBG: Battlegrounds,MOBA,1065,399,2013,AS,Japan,Japanese,0,,1256,No,2,Amateur,789,165,,21.0,0,,,,No,Twitter/X,Yes
COM-0193,Hyper Crest,League of Legends,,MOBA,360,175,2019,NA,Canada,Spanish,0,,4692,Yes,2,Amateur,232,,38,38.3,0,0,,,No,Discord,Yes
COM-0194,Photon Pact,Dota 2,Fortnite,MOBA,422,181,2017,NA,Canada,English,0,,6162,No,1,Amateur,,136,,22.4,0,2,,,No,Discord,Yes
COM-0195,Omega Force,Call of Duty: Warzone,League of Legends,FPS,294,99,2020,SA,Colombia,Portuguese,0,,,No,3,Amateur,235,100,,17.9,0,2,,,No,Discord,No
COM-0196,Spray Control,Overwatch 2,,FPS,2674,1303,2020,EU,Russia,French,8,1158.64,5859,No,5,Semi-Pro,1362,460,78,16.7,0,4,40.9,,No,Discord,Yes
COM-0197,Ancient Oath,Overwatch 2,Valorant,FPS,91,,2017,AS,South Korea,Korean,0,,,No,,Amateur,50,,,22.2,0,1,,,No,Twitch,Yes
COM-0198,Velocity Surge,Valorant,World of Warcraft,FPS,13567,,2024,EU,Germany,German,0,,1480,Yes,3,Semi-Pro,6676,,,23.7,2,3,,,Yes,Discord,Yes
COM-0199,Summit Guard,Apex Legends,Rocket League,Battle Royale,1870,730,2019,AS,Taiwan,Korean,0,,2797,No,3,Amateur,1317,527,,15.8,0,1,,,No,Discord,No
COM-0200,Venom Squad,CS2,PUBG: Battlegrounds,FPS,178,119,2017,AS,Japan,Chinese,9,12011.69,,Yes,1,Professional,85,24,691,19.5,3,4,26.3,3988.05,No,Twitter/X,Yes
COM-0201,Flux Order,CS2,PUBG: Battlegrounds,FPS,123,51,2015,EU,Russia,Russian,9,689.32,,No,2,Semi-Pro,54,,,18.2,2,0,,,No,YouTube,Yes
COM-0202,Neutron Wolves,Rainbow Six Siege,,FPS,5377,1177,2020,SA,Brazil,Spanish,0,,5135,Yes,2,Semi-Pro,4060,1213,,14.7,0,0,,,No,Discord,Yes
COM-0203,Dark Horizon,Apex Legends,,Battle Royale,50,32,2019,OC,Australia,English,0,,,No,3,Amateur,50,,,23.6,0,1,,,No,Twitter/X,Yes
COM-0204,Round Winners,Dota 2,,MOBA,232,98,2024,EU,Netherlands,Spanish,9,994.82,6000,No,3,Semi-Pro,108,40,,23.7,0,,38.3,,No,Twitter/X,Yes
COM-0205,Twilight Pack,Dota 2,Smite,MOBA,281,,2022,OC,Australia,English,7,691.09,1554,No,3,Semi-Pro,146,,,24.9,0,2,54.5,,No,Discord,Yes
COM-0206,Night Crawlers,Overwatch 2,Apex Legends,FPS,1020,467,2020,EU,United Kingdom,Russian,0,,1125,No,3,Amateur,961,287,,25.9,0,1,,,No,Discord,Yes
COM-0207,Bright Star,Dota 2,,MOBA,753,273,2012,AS,South Korea,Chinese,7,140.93,5334,No,2,Semi-Pro,499,,,23.5,2,5,11.6,,No,Discord,Yes
COM-0208,Crest Predators,Rainbow Six Siege,CS2,FPS,245,147,2019,SA,Brazil,Spanish,0,,6974,No,2,Amateur,193,50,7,21.4,0,1,,,No,Discord,No
COM-0209,Solar Flare,Smite,Rocket League,MOBA,207,110,2014,OC,Australia,English,0,,,Yes,4,Amateur,89,,,,0,2,,,No,Discord,Yes
COM-0210,Iron Throne,Fortnite,PUBG: Battlegrounds,Battle Royale,9256,3163,2018,NA,Mexico,English,2,1673.43,,No,,Semi-Pro,5259,,104,24.2,1,1,,933.38,No,Twitch,Yes
COM-0211,Blood Moon,CS2,League of Legends,FPS,50,,2018,EU,Russia,Russian,2,612.84,,No,3,Amateur,50,13,25,18.3,0,2,,,No,Twitch,No
COM-0212,Gravity Wave,Tekken 8,Rocket League,Fighting,1025,531,2024,AF,Nigeria,Arabic,0,,,No,3,Amateur,,235,42,31.8,0,2,,,No,Reddit,Yes
COM-0213,Nova Strikers,Rainbow Six Siege,Call of Duty: Warzone,FPS,8754,1683,2020,AS,Taiwan,Japanese,0,,5079,No,,Semi-Pro,8225,,,20.5,2,0,,,No,Discord,Yes
COM-0214,Iron Phoenix,Apex Legends,League of Legends,Battle Royale,33494,11475,2019,EU,France,Russian,0,,582,No,5,Professional,14590,,,,4,13,,,Yes,Reddit,No
COM-0215,Ping Warriors,Fortnite,Tekken 8,Battle Royale,279,125,2018,NA,Canada,English,0,,9232,No,3,Amateur,218,85,,,0,,,,No,Reddit,Yes
COM-0216,Shadow Wolves,Fortnite,,Battle Royale,3343,,2019,OC,New Zealand,English,7,4668.01,,No,5,Semi-Pro,1462,,,25.9,0,0,47.7,,No,Discord,No
COM-0217,Morning Star,CS2,,FPS,174,78,2023,AS,Taiwan,Chinese,0,,3551,No,2,Amateur,,21,,20.3,0,1,,,No,Reddit,Yes
COM-0218,Dawn Patrol,Dota 2,Street Fighter 6,MOBA,372,152,2018,EU,Spain,German,0,,,No,2,Amateur,287,,,30.1,0,1,,,No,Discord,No
COM-0219,Prism Warriors,League of Legends,Apex Legends,MOBA,587,292,2024,NA,Mexico,English,0,,,Yes,2,Amateur,276,,23,18.5,0,0,,,No,YouTube,Yes
COM-0220,Dark Fire,Street Fighter 6,,Fighting,4475,1366,2023,AF,South Africa,Arabic,0,,2432,No,2,Semi-Pro,2751,1329,,,2,,,,No,Twitch,Yes
COM-0221,Diamond Dogs,Street Fighter 6,Dota 2,Fighting,161,,2023,NA,Mexico,English,0,,9793,No,1,Amateur,80,49,,25.9,0,1,,,No,Discord,No
COM-0222,Anchor Hold,Fortnite,Street Fighter 6,Battle Royale,394,187,2022,NA,United States,English,0,,,No,2,Amateur,318,,,19.6,0,0,,,No,Discord,No
COM-0223,Mesa Reapers,Overwatch 2,,FPS,9904,1798,2016,SA,Argentina,Portuguese,2,572.01,3300,No,4,Semi-Pro,5626,,,27.5,1,,,,No,Discord,No
COM-0224,Cipher Squad,Valorant,Call of Duty: Warzone,FPS,329,109,2020,EU,Netherlands,French,0,,5197,No,4,Amateur,199,,21,25.8,0,2,,,No,Discord,No
COM-0225,Omega Squad,CS2,Rocket League,FPS,106,57,2016,AS,South Korea,English,0,,8164,No,3,Amateur,90,20,,28.6,0,2,,,No,Twitch,Yes
COM-0226,Cyclone,Dota 2,Street Fighter 6,MOBA,137,58,2019,EU,Spain,English,4,1656.04,,No,3,Semi-Pro,99,45,,29.0,2,3,30.2,1374.34,No,Discord,No
COM-0227,Burning Fist,Apex Legends,,Battle Royale,636,338,2019,NA,United States,English,3,315.11,2620,No,1,Semi-Pro,599,,44,18.2,2,2,37.3,,No,Discord,Yes
COM-0228,Void Storm,Fortnite,Valorant,Battle Royale,287,212,2018,EU,Russia,German,5,1656.47,2320,No,1,Semi-Pro,244,85,,26.1,2,5,16.2,,No,Reddit,No
COM-0229,Delta Squad,Rainbow Six Siege,Final Fantasy XIV,FPS,194,84,2016,AS,South Korea,Chinese,7,1201.75,,No,1,Semi-Pro,97,29,102,16.1,0,3,47.9,,No,Discord,Yes
COM-0230,Crimson Comet,League of Legends,Overwatch 2,MOBA,122,61,2024,AS,China,Japanese,0,,3161,No,3,Amateur,100,,,,0,2,,,No,Discord,No
COM-0231,Aurora Clan,Overwatch 2,StarCraft II,FPS,1907,920,2023,NA,Mexico,English,7,522.08,,No,3,Semi-Pro,1804,,,22.7,0,3,53.8,,No,Discord,Yes
COM-0232,Blizzard Force,Tekken 8,Fortnite,Fighting,1574,838,2024,NA,United States,English,0,,,No,4,Amateur,971,,,17.2,0,,,1135.22,No,Discord,Yes
COM-0233,Entropy Squad,Valorant,League of Legends,FPS,1767,721,2020,AS,Taiwan,Chinese,0,,8280,No,3,Amateur,741,235,25,20.3,0,1,,,No,Discord,Yes
COM-0234,Revenant Order,Overwatch 2,Call of Duty: Warzone,FPS,94,53,2017,OC,Australia,English,4,734.58,,Yes,2,Semi-Pro,68,,157,22.4,2,4,19.9,,No,Discord,Yes
COM-0235,Cerberus Pack,Valorant,Call of Duty: Warzone,FPS,1305,551,2020,NA,Canada,English,0,,,No,4,Amateur,883,174,44,23.3,0,0,,,No,Discord,Yes
COM-0236,Thunderbolt,Valorant,CS2,FPS,318,179,2020,OC,Australia,English,0,,6448,No,4,Amateur,192,36,,26.6,0,0,,,No,Reddit,No
COM-0237,Bright Moon,World of Warcraft,,MMORPG,55,23,2008,EU,Spain,German,0,,,No,4,Amateur,50,10,,26.0,0,2,,,No,Twitter/X,Yes
COM-0238,Vector Force,Dota 2,Rocket League,MOBA,492,,2018,AF,Turkey,Arabic,0,,6980,No,1,Amateur,205,,,,0,0,,1933.37,No,Discord,Yes
COM-0239,Null Pointer,League of Legends,,MOBA,77,42,2013,EU,United Kingdom,French,5,221.94,,No,4,Semi-Pro,63,10,,26.0,2,4,13.9,717.18,No,Discord,No
COM-0240,Alpha Predators,Dota 2,CS2,MOBA,1141,349,2021,AS,South Korea,Japanese,0,,,No,4,Amateur,555,,,29.9,0,1,,,Yes,Discord,Yes
COM-0241,Storm Surge,League of Legends,,MOBA,1594,516,2016,EU,Sweden,English,0,,1956,No,2,Amateur,685,296,,14.5,0,2,,,No,Discord,No
COM-0242,Carbon Fiber,Call of Duty: Warzone,StarCraft II,FPS,1489,802,2021,EU,Netherlands,English,0,,6515,No,1,Amateur,767,,8,18.7,0,1,,,No,Discord,Yes
COM-0243,Elemental Force,Valorant,League of Legends,FPS,919,279,2023,SA,Colombia,Portuguese,0,,9679,No,2,Amateur,835,,2,24.3,0,2,,,No,Reddit,No
COM-0244,Pinnacle Blaze,Valorant,League of Legends,FPS,2936,1153,2020,EU,Sweden,German,0,,3611,No,2,Semi-Pro,2005,373,,21.2,0,2,,,No,Reddit,No
COM-0245,Dark Wolves,Valorant,,FPS,3302,1281,2020,AS,Taiwan,Korean,0,,5216,No,4,Semi-Pro,,,,22.2,2,0,,1815.21,No,Discord,Yes
COM-0246,Zenith Pact,Fortnite,,Battle Royale,57,19,2019,EU,United Kingdom,Spanish,3,1191.7,,No,4,Semi-Pro,50,,,16.9,2,2,25.3,1798.98,No,Twitch,Yes
COM-0247,Eclipse Hunters,Rainbow Six Siege,League of Legends,FPS,8982,3050,2016,OC,New Zealand,English,7,1064.24,,No,3,Semi-Pro,,887,,21.0,2,,51.6,,No,Discord,Yes
COM-0248,Alpha Zero,Apex Legends,Street Fighter 6,Battle Royale,863,,2019,NA,United States,English,0,,3108,No,3,Amateur,631,88,,,0,2,,,No,Reddit,Yes
COM-0249,Recoil Kings,Dota 2,,MOBA,135,54,2020,SA,Brazil,Portuguese,0,,,Yes,4,Amateur,,,,26.4,0,2,,,No,Twitch,Yes
COM-0250,Cobalt Guard,Dota 2,,MOBA,241,127,2019,EU,Russia,French,2,85.79,,No,4,Amateur,129,61,,23.9,0,0,,646.28,No,Discord,Yes
COM-0251,Blazing Arrows,Overwatch 2,Call of Duty: Warzone,FPS,50,23,2022,SA,Colombia,Spanish,7,528.11,,No,4,Semi-Pro,50,,,20.0,0,2,53.3,,No,Reddit,No
COM-0252,Nova League,Apex Legends,League of Legends,Battle Royale,2587,752,2019,AF,Nigeria,Arabic,3,,,No,5,Semi-Pro,2283,446,,19.8,2,1,,,No,Twitch,Yes
COM-0253,Nexus Warriors,Apex Legends,Rocket League,Battle Royale,201,134,2019,NA,United States,English,0,,,No,4,Amateur,164,63,,18.2,0,1,,,No,Discord,Yes
COM-0254,Pacific Fury,Call of Duty: Warzone,Overwatch 2,FPS,705,335,2020,AS,Japan,Chinese,0,,8044,No,4,Amateur,580,,,23.8,0,1,,,No,Twitter/X,No
COM-0255,Phantom Army,Call of Duty: Warzone,World of Warcraft,FPS,50,21,2020,EU,Netherlands,Spanish,7,1485.47,,No,4,Semi-Pro,50,10,,20.1,2,0,37.1,,Yes,Discord,Yes
COM-0256,Nitro Wolves,Rocket League,World of Warcraft,Sports,347,143,2022,SA,Brazil,Spanish,0,,,No,1,Amateur,193,,,25.5,0,2,,,No,Twitter/X,Yes
COM-0257,Arcane Wolves,Valorant,StarCraft II,FPS,61,27,2021,OC,Australia,English,0,,,No,4,Amateur,50,10,,24.2,0,0,,,No,YouTube,Yes
COM-0258,Storm Front,CS2,Apex Legends,FPS,228,112,2021,SA,Brazil,Portuguese,0,,5897,No,3,Amateur,175,,20,21.2,0,0,,,No,Discord,Yes
COM-0259,Frost Warriors,Valorant,,FPS,205,116,2020,NA,United States,English,0,,,No,3,Amateur,86,,,27.5,0,0,,1479.76,No,Discord,Yes
COM-0260,Frozen North,Call of Duty: Warzone,,FPS,768,427,2022,EU,Russia,Russian,5,897.54,5025,No,2,Semi-Pro,559,170,,,0,3,15.9,526.57,No,Discord,No
COM-0261,Eco Force,Fortnite,,Battle Royale,216,,2018,NA,Canada,English,0,,5695,No,3,Amateur,186,,,24.1,0,0,,,No,Discord,Yes
COM-0262,Hellfire,Valorant,StarCraft II,FPS,2428,1142,2023,EU,Russia,Russian,8,197.66,4037,No,2,Semi-Pro,1604,,,20.3,1,4,54.5,,No,Discord,Yes
COM-0263,Iron Wolves,Rainbow Six Siege,League of Legends,FPS,561,262,2017,SA,Brazil,Spanish,0,,7614,No,,Amateur,442,,22,,0,0,,697.48,No,Discord,No
COM-0264,Clutch Factor,League of Legends,PUBG: Battlegrounds,MOBA,281,111,2023,NA,Canada,English,9,526.1,,No,4,Semi-Pro,256,39,,22.1,2,5,45.2,1633.35,Yes,Twitter/X,Yes
COM-0265,Speed Demons,Overwatch 2,,FPS,448,192,,AF,Nigeria,Arabic,0,,6062,No,3,Amateur,343,79,,21.6,0,2,,,No,YouTube,Yes
COM-0266,Raging Bulls,World of Warcraft,,MMORPG,916,432,2018,NA,United States,English,0,,,No,1,Amateur,458,186,44,30.6,0,1,,,No,Discord,Yes
COM-0267,Iron Tide,Rocket League,League of Legends,Sports,611,213,2020,AF,South Africa,English,0,,8826,No,2,Amateur,345,,,27.8,0,,,,No,Discord,No
COM-0268,Byte Force,Tekken 8,Valorant,Fighting,1923,927,2024,SA,Brazil,Spanish,0,,,No,3,Amateur,1802,,43,23.2,0,0,,,No,Discord,No
COM-0269,Ace Pack,Rocket League,StarCraft II,Sports,237,154,,EU,United Kingdom,English,0,,4469,No,4,Amateur,155,,,26.4,0,1,,,No,Discord,Yes
COM-0270,Neon Riders,League of Legends,,MOBA,374,216,2023,AS,South Korea,Korean,0,,3226,No,1,Amateur,,,,19.6,0,0,,,No,Discord,Yes
COM-0271,Neon Wolves,Valorant,Final Fantasy XIV,FPS,50,28,2024,EU,Sweden,English,9,437.66,,No,2,Semi-Pro,,,69,21.8,2,3,47.4,,No,Discord,No
COM-0272,Thundercats,Street Fighter 6,,Fighting,202,97,2023,NA,United States,English,4,1400.51,2242,Yes,1,Semi-Pro,165,62,,,0,4,49.0,,No,Discord,Yes
COM-0273,Lunar Strike,Dota 2,Rocket League,MOBA,417,232,2019,AS,China,English,0,,,No,4,Amateur,,141,,23.2,0,1,,196.75,No,Reddit,No
COM-0274,Flash Clan,Valorant,CS2,FPS,126,59,2020,NA,United States,Spanish,0,,,No,4,Amateur,56,10,33,22.5,0,0,,,No,Discord,Yes
COM-0275,Turbo Knights,Apex Legends,,Battle Royale,1757,929,2019,EU,Russia,German,0,,9525,No,3,Amateur,985,,,23.0,0,2,,,No,Discord,No
COM-0276,Sunfire,Rainbow Six Siege,StarCraft II,FPS,91391,14589,,NA,United States,English,9,150000.0,,Yes,5,Elite,65740,18023,,26.3,3,16,35.4,69678.7,Yes,Discord,Yes
COM-0277,Black Hole Squad,CS2,Rainbow Six Siege,FPS,1987,,2021,EU,Netherlands,Spanish,0,,1203,No,,Amateur,909,,,29.0,0,0,,,Yes,Discord,No
COM-0278,Solar Monks,Apex Legends,Overwatch 2,Battle Royale,284,106,2019,AS,Japan,Korean,0,,,No,3,Amateur,232,55,20,25.6,0,1,,,No,Twitch,No
COM-0279,Packet Loss,Fortnite,,Battle Royale,1061,453,2018,EU,Denmark,Spanish,0,,,No,4,Amateur,749,240,27,22.4,0,0,,,No,YouTube,Yes
COM-0280,Thunder Legion,Call of Duty: Warzone,,FPS,60,34,2021,EU,Sweden,English,0,,,No,1,Amateur,50,,23,17.6,0,0,,,No,Discord,Yes
COM-0281,Pixel Storm,Valorant,,FPS,975,296,2020,NA,Mexico,Spanish,0,,6513,No,2,Amateur,,148,,21.4,0,0,,,No,Discord,Yes
COM-0282,Gold Rush,Rocket League,CS2,Sports,483,272,2017,SA,Colombia,Portuguese,5,708.01,3131,No,4,Semi-Pro,,,,,1,0,47.0,,No,Twitter/X,Yes
COM-0283,Midnight Blade,League of Legends,Rainbow Six Siege,MOBA,73,25,2014,AF,South Africa,Arabic,0,,,No,4,Amateur,50,20,24,,0,1,,1415.22,No,Discord,Yes
COM-0284,Flick Masters,World of Warcraft,Rocket League,MMORPG,50,23,2021,EU,France,English,0,,,No,1,Amateur,50,12,,37.9,0,0,,,No,Discord,Yes
COM-0285,Galaxy Pact,Rocket League,PUBG: Battlegrounds,Sports,51,31,2016,SA,Argentina,Portuguese,0,,,No,1,Amateur,,10,,18.2,0,2,,628.51,No,Twitch,Yes
COM-0286,Ember Storm,Dota 2,Tekken 8,MOBA,164,84,2021,AS,South Korea,Chinese,0,,4939,No,1,Amateur,112,,,19.7,0,0,,1739.64,No,Discord,No
COM-0287,Reaper Crew,League of Legends,CS2,MOBA,371,192,2020,AS,Singapore,Japanese,3,1776.85,5997,No,3,Semi-Pro,159,22,,19.3,0,1,35.0,,No,YouTube,Yes
COM-0288,War Eagles,StarCraft II,Fortnite,Strategy,201,115,2016,EU,Russia,English,0,,4016,No,2,Amateur,177,,,29.5,0,1,,,Yes,Reddit,Yes
COM-0289,Neon Flash,Street Fighter 6,PUBG: Battlegrounds,Fighting,117,46,2023,AS,Singapore,Japanese,0,,5988,No,1,Amateur,82,35,4,20.3,0,0,,,No,Reddit,No
COM-0290,Entry Fraggers,CS2,Street Fighter 6,FPS,81,42,2021,EU,Poland,French,6,697.82,,No,1,Semi-Pro,50,23,,21.2,2,3,53.8,,No,Discord,No
COM-0291,Dark Energy,Apex Legends,CS2,Battle Royale,280,97,2019,AF,Saudi Arabia,Arabic,1,78.93,3306,No,4,Amateur,199,,23,25.0,0,1,,,No,Discord,Yes
COM-0292,Primal Rage,Rocket League,StarCraft II,Sports,4247,2103,2023,EU,Spain,English,0,,1583,No,2,Semi-Pro,2874,464,81,25.0,0,5,,286.17,No,Discord,Yes
COM-0293,Void Walkers,Final Fantasy XIV,Dota 2,MMORPG,127,69,2015,OC,Australia,English,0,,9576,No,4,Amateur,75,,,32.5,0,2,,,No,Twitch,Yes
COM-0294,Equinox Force,League of Legends,Dota 2,MOBA,660,,2020,NA,United States,English,0,,1268,No,1,Amateur,546,,31,27.0,0,0,,767.7,No,Twitch,Yes
COM-0295,Phantom Drift,Dota 2,Final Fantasy XIV,MOBA,233,128,,AS,Taiwan,Japanese,7,6373.66,1225,Yes,2,Professional,108,45,,22.1,1,2,46.1,3486.22,No,Discord,No
COM-0296,Broken Arrow,Fortnite,,Battle Royale,718,300,2018,AS,Taiwan,Korean,0,,4781,No,4,Amateur,586,189,,22.1,0,0,,,No,Discord,Yes
COM-0297,War Hammer,PUBG: Battlegrounds,,Battle Royale,469,284,2017,SA,Argentina,Spanish,0,,8966,No,1,Amateur,363,107,,22.2,0,2,,,No,Twitch,Yes
COM-0298,Starfall,Rainbow Six Siege,PUBG: Battlegrounds,FPS,8531,2422,,NA,United States,English,0,,,No,2,Semi-Pro,7743,,,19.1,2,3,,,No,Discord,Yes
COM-0299,Black Ops Unit,Valorant,,FPS,1306,460,,SA,Argentina,Spanish,0,,8686,No,1,Amateur,590,,,19.9,0,1,,,No,YouTube,Yes
COM-0300,Ragebolt,CS2,,FPS,266,125,2015,AS,Singapore,English,6,1345.53,4547,No,3,Semi-Pro,236,21,,25.9,1,0,23.7,,No,Discord,Yes
COM-0301,Wallbang Society,Apex Legends,Call of Duty: Warzone,Battle Royale,18092,2741,,AF,Egypt,English,0,,1687,No,6,Professional,,6151,,23.6,4,14,,,Yes,YouTube,Yes
COM-0302,Warp Riders,CS2,Apex Legends,FPS,43068,12593,2015,NA,Mexico,Spanish,0,,,Yes,3,Professional,39706,,418,18.8,1,12,,10061.83,Yes,Discord,Yes
COM-0303,Desert Fox,Call of Duty: Warzone,,FPS,59,,2020,AS,Taiwan,Chinese,11,582.22,,No,3,Semi-Pro,50,,,23.8,1,3,16.9,,No,Twitter/X,No
COM-0304,Burst Mode,CS2,,FPS,509,202,2024,EU,Germany,Russian,0,,2509,Yes,4,Amateur,361,57,,21.5,0,2,,1184.48,No,Twitch,Yes
COM-0305,Crossfire Unit,Fortnite,Rocket League,Battle Royale,439,208,2018,NA,Mexico,English,2,35.69,7543,No,4,Amateur,371,,9,16.1,0,2,,,No,Discord,No
COM-0306,Havoc Unit,Fortnite,Final Fantasy XIV,Battle Royale,959,328,2019,NA,Canada,English,3,829.47,5686,No,2,Semi-Pro,643,,,21.1,2,1,12.7,,No,Discord,No
COM-0307,Inertia Legion,Valorant,,FPS,40628,,2024,AF,Saudi Arabia,Arabic,0,,1442,Yes,6,Professional,17561,,,19.1,3,14,,11696.78,Yes,YouTube,No
COM-0308,Iron Sharks,Final Fantasy XIV,StarCraft II,MMORPG,50,30,2022,AF,Saudi Arabia,Arabic,0,,,No,2,Amateur,50,,22,29.0,0,1,,,No,Discord,Yes
COM-0309,Solar Ascent,Valorant,Apex Legends,FPS,361,235,,NA,Canada,English,0,,,No,1,Amateur,322,31,44,23.1,0,2,,,No,Reddit,Yes
COM-0310,Input Lag,Smite,Street Fighter 6,MOBA,6230,2373,2014,AS,Japan,Japanese,0,,465,No,4,Semi-Pro,4845,,,27.4,0,3,,,No,Discord,Yes
COM-0311,Typhoon,Valorant,World of Warcraft,FPS,330,235,2021,EU,Russia,Spanish,8,4676.63,262,No,4,Semi-Pro,264,,,16.8,1,1,41.8,,Yes,Discord,Yes
COM-0312,Momentum Pack,Rainbow Six Siege,,FPS,795,404,2016,SA,Argentina,Spanish,12,499.01,5539,No,3,Semi-Pro,,,165,19.6,1,,50.6,,No,Twitch,No
COM-0313,Ghost Wolves,Rainbow Six Siege,Street Fighter 6,FPS,674,303,2021,EU,Russia,Russian,0,,5713,No,3,Amateur,416,149,,23.5,0,2,,,No,Twitch,Yes
COM-0314,Viper Strike,Valorant,Call of Duty: Warzone,FPS,242,111,2020,NA,United States,Spanish,5,2182.96,,No,1,Semi-Pro,214,,,25.2,1,3,37.4,,No,Discord,Yes
COM-0315,Phantom Strike,Fortnite,,Battle Royale,2270,917,2020,NA,United States,English,0,,2652,No,5,Semi-Pro,1113,268,,22.9,1,1,,1599.24,No,Twitch,Yes
COM-0316,Impact Wolves,Smite,,MOBA,3440,1166,,SA,Chile,Portuguese,0,,1338,Yes,3,Semi-Pro,2958,,,23.0,1,2,,,No,Discord,Yes
COM-0317,Dragon Scale,Dota 2,StarCraft II,MOBA,135,56,2012,SA,Colombia,Portuguese,0,,,No,3,Amateur,64,23,,,0,2,,,No,Reddit,Yes
COM-0318,Ghost Protocol,Call of Duty: Warzone,Rainbow Six Siege,FPS,1240,445,2020,OC,Australia,English,0,,1939,No,1,Amateur,883,,,25.9,0,1,,,No,Discord,Yes
COM-0319,Dusk Raiders,World of Warcraft,,MMORPG,1879,565,2020,AF,Egypt,English,0,,1033,No,2,Amateur,,436,,30.8,0,0,,950.36,No,Reddit,Yes
COM-0320,Sky Wolves,Valorant,Tekken 8,FPS,312,143,2024,SA,Brazil,Portuguese,4,2163.24,3287,Yes,4,Semi-Pro,185,103,,20.5,0,3,25.7,,No,Discord,Yes
COM-0321,Arcane Brotherhood,Fortnite,,Battle Royale,35466,13284,2021,AS,Taiwan,Korean,8,25636.55,,Yes,5,Professional,24258,,,,1,3,24.9,5553.04,Yes,Discord,Yes
COM-0322,Plateau Riders,CS2,League of Legends,FPS,15173,5670,2021,EU,United Kingdom,English,0,,,No,3,Professional,7829,827,,24.4,2,10,,1768.51,No,Discord,Yes
COM-0323,Savage Storm,Tekken 8,,Fighting,67,27,2024,SA,Brazil,Portuguese,7,956.13,,No,4,Semi-Pro,50,10,180,27.7,2,2,52.1,,No,YouTube,No
COM-0324,Shadow Reapers,Valorant,Street Fighter 6,FPS,483,342,2021,NA,United States,English,0,,,Yes,4,Amateur,226,73,11,14.0,0,2,,,No,Discord,Yes
COM-0325,Helix Hunters,Call of Duty: Warzone,League of Legends,FPS,919,230,,EU,Netherlands,Spanish,0,,4128,No,1,Amateur,502,,7,25.1,0,1,,691.39,No,Discord,No
COM-0326,Spike Rush,Dota 2,Overwatch 2,MOBA,82284,13865,2012,AF,South Africa,Arabic,12,42746.9,204,Yes,5,Elite,43002,21209,,25.6,6,9,39.6,84349.9,Yes,Discord,No
COM-0327,Crystal Spire,Fortnite,Rocket League,Battle Royale,748,172,2018,AS,Singapore,English,0,,,No,1,Amateur,321,,,21.1,0,1,,,No,Reddit,Yes
COM-0328,Steel Nerves,Valorant,,FPS,7674,1539,2022,EU,Poland,Russian,0,,3630,No,2,Semi-Pro,4513,,,19.3,2,4,,,Yes,Discord,Yes
COM-0329,Alpha Pack,Fortnite,,Battle Royale,1802,1010,2024,EU,Poland,German,0,,1734,No,2,Amateur,807,610,,17.1,0,0,,,No,Twitter/X,No
COM-0330,Neon Surge,Tekken 8,CS2,Fighting,8595,927,2024,NA,United States,Spanish,0,,5643,No,2,Semi-Pro,,,,26.4,1,5,,,No,Discord,Yes
COM-0331,Solstice Squad,Valorant,,FPS,77,48,2023,EU,France,English,0,,,No,4,Amateur,50,23,49,20.8,0,2,,1836.2,No,Discord,No
COM-0332,Velocity,Valorant,PUBG: Battlegrounds,FPS,251,118,2021,EU,Russia,English,0,,7056,No,4,Amateur,238,,,23.8,0,1,,1067.97,No,Discord,No
COM-0333,Dark Matter,Rocket League,CS2,Sports,284,,2019,NA,United States,English,0,,,Yes,3,Amateur,,,,21.2,0,0,,,No,Discord,Yes
COM-0334,Forest Wolves,Valorant,League of Legends,FPS,446,209,2020,SA,Chile,Portuguese,3,1120.78,,No,4,Semi-Pro,359,,,27.3,0,,29.9,,No,Discord,Yes
COM-0335,Storm Hawks,PUBG: Battlegrounds,,Battle Royale,152,75,2017,NA,United States,English,0,,,No,1,Amateur,84,,,23.4,0,2,,,No,Discord,No
COM-0336,Stellar Blaze,Rainbow Six Siege,League of Legends,FPS,331,193,2016,AS,Singapore,Chinese,0,,7853,Yes,1,Amateur,179,101,9,25.0,0,0,,,No,Discord,Yes
COM-0337,Rogue Nation,Fortnite,,Battle Royale,121,61,2021,AS,Taiwan,Korean,0,,4076,No,2,Amateur,80,18,,24.2,0,0,,,No,Discord,Yes
COM-0338,Warpath,Final Fantasy XIV,League of Legends,MMORPG,242,131,2020,OC,Australia,English,0,,6285,No,1,Amateur,215,79,,32.3,0,1,,551.97,Yes,Discord,No
COM-0339,Orbital Strike,Valorant,Dota 2,FPS,1026,324,2020,SA,Brazil,Spanish,0,,3598,Yes,1,Amateur,526,,,22.4,0,1,,,No,Reddit,Yes
COM-0340,Crimson Sky,Overwatch 2,,FPS,2996,,2016,EU,Russia,English,4,1170.29,2188,No,,Semi-Pro,1455,,,21.8,2,0,38.5,,No,Discord,Yes
COM-0341,Sky Titans,League of Legends,,MOBA,1034,367,2018,NA,Mexico,English,0,,,No,2,Amateur,861,157,44,26.2,0,1,,,No,Discord,Yes
COM-0342,Shadow Council,Fortnite,,Battle Royale,585,311,2021,AS,South Korea,Korean,2,88.11,,No,2,Amateur,380,,,25.9,0,1,,550.96,No,Twitter/X,Yes
COM-0343,Emerald Legion,Valorant,Dota 2,FPS,6137,2051,2022,NA,United States,Spanish,0,,,No,4,Semi-Pro,5462,,,23.6,2,1,,1806.9,No,Twitter/X,Yes
COM-0344,Night Stalker,CS2,World of Warcraft,FPS,4913,2514,2019,NA,United States,English,6,580.17,,No,4,Semi-Pro,2647,,,,1,,13.8,724.9,No,Discord,Yes
COM-0345,Sand Vipers,CS2,Overwatch 2,FPS,2673,1306,2019,NA,United States,Spanish,15,5720.92,1608,Yes,5,Professional,1111,208,,21.7,3,9,50.9,3491.54,No,Twitter/X,No
COM-0346,Stardust Guild,Smite,,MOBA,1106,373,2019,AS,South Korea,English,0,,8611,No,3,Amateur,655,353,,,0,1,,,No,Twitter/X,Yes
COM-0347,Pale Riders,Call of Duty: Warzone,PUBG: Battlegrounds,FPS,299,120,2022,NA,Canada,English,2,117.45,6489,No,4,Amateur,232,96,23,25.5,0,0,,,No,YouTube,Yes
COM-0348,Antimatter Legion,Overwatch 2,,FPS,1270,585,2020,NA,United States,English,0,,3379,No,3,Amateur,727,,,21.1,0,2,,,No,Discord,Yes
COM-0349,Sakura Blades,Rainbow Six Siege,CS2,FPS,160,98,2018,EU,Netherlands,Russian,5,506.35,,No,3,Semi-Pro,136,17,,18.0,0,2,11.6,384.99,No,Reddit,Yes
COM-0350,Rustic Raiders,Rocket League,,Sports,131,71,2016,EU,United Kingdom,Spanish,0,,,No,2,Amateur,107,,7,24.8,0,1,,,No,Discord,No
COM-0351,Phantom Legion,Fortnite,Tekken 8,Battle Royale,2277,1140,2018,NA,United States,Spanish,2,1561.46,4422,No,5,Semi-Pro,1924,,91,20.5,2,5,25.1,,No,Discord,Yes
COM-0352,Thunder Clan,Overwatch 2,Final Fantasy XIV,FPS,1228,431,2021,AS,South Korea,Chinese,0,,4883,No,2,Amateur,591,141,,17.8,0,,,,No,Reddit,No
COM-0353,Crimson Dragon,Dota 2,Tekken 8,MOBA,709,204,2016,EU,Netherlands,Spanish,0,,9050,No,1,Amateur,431,,,21.3,0,2,,,No,Discord,Yes
COM-0354,Raider Nation,Valorant,,FPS,507,,2023,EU,Spain,Russian,6,448.34,,No,4,Semi-Pro,406,,,19.8,1,,51.3,,No,Discord,Yes
COM-0355,Specter Division,Apex Legends,Dota 2,Battle Royale,2313,899,2019,EU,Russia,Russian,0,,,No,4,Semi-Pro,,396,,24.1,2,3,,,No,Discord,Yes
COM-0356,Frost Legion,Fortnite,PUBG: Battlegrounds,Battle Royale,50,33,,AS,China,Korean,0,,,No,1,Amateur,50,,,18.8,0,1,,,No,Discord,No
COM-0357,Rapid Fire,Valorant,World of Warcraft,FPS,54,25,2020,EU,Spain,German,9,1285.99,,No,1,Semi-Pro,50,,,20.7,1,,17.8,,No,Reddit,Yes
COM-0358,Neon Eagles,Dota 2,Apex Legends,MOBA,56,35,,EU,Russia,English,8,616.03,,No,1,Semi-Pro,50,15,45,23.4,2,0,33.3,,No,Discord,Yes
COM-0359,Rune Masters,StarCraft II,Valorant,Strategy,657,191,2018,SA,Colombia,Portuguese,0,,6210,No,3,Amateur,404,100,,25.7,0,1,,,No,Discord,Yes
COM-0360,Crimson Pact,Rainbow Six Siege,,FPS,467,328,,NA,Canada,English,7,763.25,,No,2,Semi-Pro,427,,,19.9,2,5,13.6,,No,Twitch,No
COM-0361,Gravity Well,Overwatch 2,StarCraft II,FPS,19692,4245,2020,NA,Mexico,English,0,,89,No,5,Professional,8924,,,22.2,1,8,,,No,Discord,No
COM-0362,Red Storm,League of Legends,Rainbow Six Siege,MOBA,1231,403,2015,AS,Japan,Korean,0,,,Yes,2,Amateur,1001,,,24.6,0,1,,,No,YouTube,No
COM-0363,Chaos Legion,StarCraft II,,Strategy,211,65,2018,NA,United States,Spanish,0,,,No,2,Amateur,86,38,,26.5,0,0,,,No,Discord,Yes
COM-0364,Hellstorm,Fortnite,,Battle Royale,430,341,2020,AF,Turkey,English,9,214.94,3253,No,4,Semi-Pro,297,,160,25.8,1,4,22.3,,No,Reddit,Yes
COM-0365,Solar Wings,Apex Legends,,Battle Royale,449,168,2021,NA,United States,English,0,,3398,No,4,Amateur,282,40,,25.6,0,2,,,No,Discord,Yes
COM-0366,Silent Killers,CS2,Valorant,FPS,89,41,2020,AS,Japan,Chinese,0,,,No,3,Amateur,55,,,21.7,0,1,,,No,Discord,No
COM-0367,Wild Fire,Rocket League,Smite,Sports,1415,377,2024,OC,Australia,English,6,2706.49,,No,2,Semi-Pro,1132,73,,28.9,0,5,42.1,,No,Discord,Yes
COM-0368,Fallen Angels,Call of Duty: Warzone,,FPS,531,215,2023,SA,Colombia,Spanish,0,,3005,No,2,Amateur,232,,,15.6,0,2,,,No,Twitch,Yes
COM-0369,Titan Fall,Fortnite,,Battle Royale,50,24,2019,EU,United Kingdom,English,0,,,No,2,Amateur,50,,,,0,2,,,No,Discord,Yes
COM-0370,Void Reapers,Smite,,MOBA,119,44,2020,OC,New Zealand,English,0,,,No,1,Amateur,50,,9,22.7,0,0,,,No,Discord,Yes
COM-0371,Tidal Wave,Dota 2,CS2,MOBA,937,,2023,AS,South Korea,Japanese,8,376.36,,No,3,Semi-Pro,549,191,,19.3,0,3,27.4,,No,Reddit,No
COM-0372,Abyssal Lords,Apex Legends,League of Legends,Battle Royale,633,231,2019,AS,Singapore,Chinese,5,298.75,1189,No,1,Semi-Pro,,140,,22.9,0,3,47.9,,No,YouTube,Yes
COM-0373,Blood Ravens,Apex Legends,,Battle Royale,1656,,2024,NA,United States,English,0,,,No,4,Amateur,998,478,26,17.9,0,1,,,No,Reddit,No
COM-0374,Blizzard Hawks,Overwatch 2,Smite,FPS,253,155,2021,NA,United States,English,0,,2994,No,3,Amateur,160,85,14,23.5,0,1,,,No,Discord,No
COM-0375,Golden Eagles,League of Legends,,MOBA,272,147,2013,SA,Brazil,Spanish,4,2014.73,324,Yes,3,Semi-Pro,243,78,38,28.3,0,3,44.2,,No,YouTube,No
COM-0376,Frost Bite,CS2,Rocket League,FPS,708,285,2016,EU,Germany,Spanish,8,2379.3,876,No,2,Semi-Pro,663,,,25.6,2,3,36.6,,No,Discord,Yes
COM-0377,Pulse Nation,Apex Legends,Rainbow Six Siege,Battle Royale,507,282,2019,AS,South Korea,Korean,3,3086.48,4726,Yes,2,Semi-Pro,466,,,21.7,0,1,34.5,,No,Discord,No
COM-0378,Pyro Clan,Street Fighter 6,Call of Duty: Warzone,Fighting,73,37,2024,AS,Taiwan,Japanese,0,,,Yes,1,Amateur,50,,,26.0,0,2,,,No,Reddit,Yes
COM-0379,Arctic Fury,Rocket League,,Sports,1728,571,2016,AS,Singapore,Korean,0,,,No,3,Amateur,1306,586,,17.4,0,1,,1933.18,No,Discord,No
COM-0380,Cosmos Legion,Overwatch 2,Rainbow Six Siege,FPS,206,88,2016,EU,Denmark,English,0,,4693,No,1,Amateur,93,51,,20.7,0,0,,,No,Twitch,Yes
COM-0381,Feral Instinct,Valorant,Tekken 8,FPS,4005,,2020,EU,Spain,English,0,,1956,No,3,Semi-Pro,3540,,26,25.3,0,4,,1333.53,No,Discord,Yes
COM-0382,Noble Guard,PUBG: Battlegrounds,,Battle Royale,5971,1474,2019,NA,United States,English,3,517.79,,No,5,Semi-Pro,,2082,,24.6,1,4,19.6,,No,Reddit,Yes
COM-0383,Polar Bears,Final Fantasy XIV,Call of Duty: Warzone,MMORPG,133,,,EU,Netherlands,Spanish,1,425.27,2345,No,3,Amateur,72,31,10,31.5,0,2,,,No,Discord,Yes
COM-0384,Steel Phoenix,Dota 2,World of Warcraft,MOBA,854,,2021,AS,Singapore,Japanese,0,,5193,Yes,1,Amateur,599,49,,22.6,0,0,,869.52,No,YouTube,No
COM-0385,Kinetic Energy,Valorant,,FPS,104,,2020,AF,Nigeria,Arabic,0,,4947,No,3,Amateur,88,13,27,22.6,0,0,,,No,Reddit,No
COM-0386,Steel Vanguard,Rocket League,,Sports,1853,903,,EU,Netherlands,German,7,1036.05,3733,No,1,Semi-Pro,1129,133,157,25.3,0,3,12.1,545.97,No,Discord,Yes
COM-0387,Blade Storm,CS2,StarCraft II,FPS,80,36,2015,AF,Egypt,Arabic,0,,,No,3,Amateur,60,23,,22.3,0,2,,,No,Discord,Yes
COM-0388,Canyon Dragons,CS2,Valorant,FPS,1079,430,2021,NA,United States,English,0,,9665,No,3,Amateur,1021,69,,,0,0,,,No,Discord,Yes
COM-0389,Ghost Fire,Rainbow Six Siege,,FPS,820,378,2023,OC,Australia,English,7,613.75,5117,No,1,Semi-Pro,512,259,115,19.9,1,3,23.4,,No,Discord,Yes
COM-0390,Raven Guard,Street Fighter 6,,Fighting,58240,12437,2023,NA,Mexico,Spanish,0,,,Yes,7,Professional,35297,15616,376,20.6,3,4,,14099.12,Yes,Twitch,Yes
COM-0391,Raging Tempest,League of Legends,,MOBA,510,146,2017,SA,Argentina,Portuguese,0,,6879,No,3,Amateur,399,52,,,0,0,,,No,Discord,No
COM-0392,Dark Current,Final Fantasy XIV,Tekken 8,MMORPG,1623,781,2020,AS,Singapore,Chinese,0,,5086,No,2,Amateur,,400,26,24.6,0,1,,1487.3,No,Discord,Yes
COM-0393,Comet Strike,Call of Duty: Warzone,CS2,FPS,14577,4811,2020,SA,Argentina,Portuguese,0,,,Yes,,Semi-Pro,11423,1276,,24.4,2,4,,,Yes,Discord,No
COM-0394,Iron Fist,Valorant,PUBG: Battlegrounds,FPS,50,26,2020,EU,United Kingdom,Russian,0,,,No,3,Amateur,50,15,,18.6,0,2,,,No,Discord,No
COM-0395,Thunder Hawks,Rainbow Six Siege,,FPS,181,117,2022,NA,Canada,English,3,522.75,1173,No,1,Semi-Pro,75,,,20.7,1,4,54.1,,No,Reddit,Yes
COM-0396,Lunar Wolves,Dota 2,Overwatch 2,MOBA,4035,1897,2024,AF,Egypt,Arabic,7,402.54,,No,2,Semi-Pro,,330,,22.6,0,4,21.6,,No,Reddit,Yes
COM-0397,Gorge Wolves,CS2,Call of Duty: Warzone,FPS,104,39,,NA,Canada,English,0,,,No,2,Amateur,65,,,,0,2,,,No,Discord,No
COM-0398,Quantum Pact,Call of Duty: Warzone,,FPS,419,177,2020,SA,Brazil,Portuguese,0,,,No,2,Amateur,299,145,27,22.4,0,1,,,No,Twitch,Yes
COM-0399,Crimson Claw,World of Warcraft,Tekken 8,MMORPG,1304,480,2023,NA,Canada,English,1,151.72,7251,No,1,Amateur,1143,,,,0,0,,,No,Twitch,Yes
COM-0400,Tundra Pack,Apex Legends,Dota 2,Battle Royale,60,34,2019,EU,Russia,Russian,0,,,No,2,Amateur,50,,,23.4,0,0,,,No,Reddit,Yes
