community_id,community_name,primary_game,secondary_game,genre,member_count,active_players,year_founded,region,country_of_origin,language,tournaments_hosted,top_player_rank,social_media_platforms,community_tier,discord_server_size,reddit_community_size,avg_member_age,coaching_staff,content_creators,primary_platform,incomplete_record_flag
COM-0001,Nitro Wolves,Valorant,PUBG: Battlegrounds,FPS,421.0,243.0,2020,OC,Australia,English,0,6846.0,1.0,Amateur,375.0,133.0,17.1,0.0,2.0,Reddit,False
COM-0002,Arcane Wolves,League of Legends,None,MOBA,166.0,77.0,2019,Unknown,United States,English,0,6846.0,1.0,Amateur,135.0,0.0,21.9,0.0,1.0,Reddit,False
COM-0003,Storm Front,Rainbow Six Siege,StarCraft II,FPS,115.0,36.0,2016,AS,China,Korean,0,2523.0,3.0,Amateur,78.0,38.0,26.1,0.0,0.0,Discord,False
COM-0004,Frost Warriors,Valorant,Fortnite,FPS,181.0,104.0,2020,AS,Singapore,Korean,6,2523.0,2.0,Professional,164.0,0.0,17.3,3.0,14.0,Discord,False
COM-0005,Frozen North,Apex Legends,Dota 2,Battle Royale,2800.0,1056.0,2019,AS,South Korea,Japanese,5,2523.0,5.0,Semi-Pro,1894.0,0.0,25.9,0.0,3.0,Discord,False
COM-0006,Eco Force,CS2,Smite,FPS,1078.0,345.0,2022,EU,Netherlands,English,11,789.0,2.0,Professional,909.0,372.0,22.5,3.0,8.0,Twitch,False
COM-0007,Hellfire,Valorant,StarCraft II,FPS,332.0,131.0,2020,EU,Denmark,French,9,789.0,4.0,Professional,219.0,95.0,24.8,4.0,6.0,Twitch,False
COM-0008,Iron Wolves,Valorant,None,FPS,3085.0,1149.0,2020,Unknown,United States,English,0,3141.0,4.0,Semi-Pro,1417.0,0.0,17.2,1.0,1.0,Discord,False
COM-0009,Clutch Factor,Apex Legends,None,Battle Royale,1259.0,614.0,2020,OC,Australia,English,0,4648.0,4.0,Amateur,989.0,0.0,21.6,0.0,1.0,Discord,False
COM-0010,Speed Demons,Final Fantasy XIV,League of Legends,MMORPG,8635.0,2004.0,2020,Unknown,United States,English,1,4648.0,3.0,Semi-Pro,6450.0,0.0,26.4,0.0,1.0,Twitch,False
COM-0011,Raging Bulls,Call of Duty: Warzone,Smite,FPS,3020.0,975.0,2022,EU,Denmark,German,11,2960.0,3.0,Semi-Pro,2803.0,547.0,24.1,1.0,3.0,Discord,False
COM-0012,Iron Tide,Overwatch 2,None,FPS,913.0,451.0,2021,AS,Singapore,Chinese,0,5901.0,4.0,Amateur,586.0,169.0,24.3,0.0,0.0,Discord,False
COM-0013,Byte Force,Rocket League,Fortnite,Sports,9665.0,3270.0,2016,EU,Netherlands,French,3,5901.0,4.0,Semi-Pro,8945.0,0.0,23.3,0.0,1.0,Discord,False
COM-0014,Ace Pack,Valorant,Fortnite,FPS,50.0,26.0,2020,Unknown,United States,Spanish,0,2617.0,2.0,Amateur,50.0,10.0,31.8,0.0,1.0,Twitter/X,False
COM-0015,Neon Riders,Dota 2,None,MOBA,1099.0,284.0,2017,SA,Chile,Portuguese,0,2617.0,3.0,Amateur,577.0,0.0,26.0,0.0,2.0,YouTube,False
COM-0016,Neon Wolves,Rainbow Six Siege,Rocket League,FPS,560.0,295.0,2018,Unknown,Canada,English,0,6993.0,4.0,Amateur,491.0,152.0,22.6,0.0,0.0,Twitch,False
COM-0017,Thundercats,Overwatch 2,Valorant,FPS,1663.0,824.0,2016,EU,Poland,English,4,6993.0,4.0,Semi-Pro,1016.0,0.0,26.0,0.0,0.0,Discord,False
COM-0018,Lunar Strike,Final Fantasy XIV,Valorant,MMORPG,213.0,157.0,2016,SA,Argentina,Portuguese,0,6993.0,4.0,Amateur,192.0,51.0,27.8,0.0,0.0,Discord,False
COM-0019,Flash Clan,League of Legends,Tekken 8,MOBA,178.0,77.0,2016,Unknown,Canada,Spanish,0,6993.0,0.0,Amateur,143.0,0.0,21.4,0.0,1.0,Twitch,False
COM-0021,Sunfire,Call of Duty: Warzone,None,FPS,115.0,61.0,2023,EU,Russia,German,0,6993.0,4.0,Amateur,52.0,0.0,20.5,0.0,0.0,Discord,False
COM-0022,Black Hole Squad,Valorant,Call of Duty: Warzone,FPS,3842.0,1341.0,2023,OC,Australia,English,6,3992.0,5.0,Semi-Pro,2996.0,482.0,22.6,1.0,0.0,YouTube,False
COM-0023,Solar Monks,Overwatch 2,World of Warcraft,FPS,1089.0,500.0,2016,AF,Turkey,Arabic,12,7197.0,2.0,Semi-Pro,788.0,353.0,24.9,0.0,0.0,Discord,False
COM-0024,Packet Loss,League of Legends,None,MOBA,1054.0,505.0,2016,OC,New Zealand,English,0,7197.0,2.0,Amateur,799.0,78.0,22.2,0.0,1.0,Discord,False
COM-0025,Thunder Legion,Tekken 8,Valorant,Fighting,1844.0,670.0,2024,Unknown,Mexico,English,0,7197.0,3.0,Amateur,786.0,0.0,26.6,0.0,1.0,Discord,False
COM-0026,Pixel Storm,Rainbow Six Siege,None,FPS,147.0,71.0,2016,Unknown,Canada,English,0,7197.0,3.0,Amateur,60.0,16.0,23.2,0.0,1.0,Twitch,False
COM-0028,Midnight Blade,Apex Legends,None,Battle Royale,533.0,203.0,2019,AS,Taiwan,Korean,0,5007.0,3.0,Amateur,269.0,132.0,22.5,0.0,0.0,Discord,False
COM-0029,Flick Masters,Fortnite,World of Warcraft,Battle Royale,367.0,164.0,2018,Unknown,United States,Spanish,0,2230.0,4.0,Amateur,233.0,46.0,17.4,0.0,2.0,Discord,False
COM-0030,Galaxy Pact,Apex Legends,None,Battle Royale,656.0,174.0,2019,SA,Brazil,Portuguese,0,9128.0,3.0,Amateur,0.0,120.0,22.1,0.0,0.0,Reddit,False
COM-0032,Reaper Crew,CS2,None,FPS,68819.35999999994,8596.0,2019,AS,Taiwan,Chinese,0,441.0,7.0,Elite,90433.0,10853.0,22.6,7.0,0.0,Discord,False
COM-0033,War Eagles,Call of Duty: Warzone,None,FPS,92.0,58.0,2023,AS,Singapore,Chinese,6,8058.0,1.0,Semi-Pro,80.0,10.0,20.8,2.0,0.0,Discord,False
COM-0034,Neon Flash,Call of Duty: Warzone,Tekken 8,FPS,674.0,377.0,2020,Unknown,United States,English,0,8058.0,1.0,Amateur,395.0,121.0,27.4,0.0,1.0,Discord,False
COM-0035,Entry Fraggers,League of Legends,None,MOBA,573.0,287.0,2018,AS,South Korea,English,0,8058.0,2.0,Amateur,536.0,0.0,22.1,0.0,1.0,Twitch,False
COM-0036,Dark Energy,Rocket League,None,Sports,105.0,41.0,2020,EU,Netherlands,English,0,8058.0,4.0,Amateur,90.0,21.0,29.6,0.0,0.0,Discord,False
COM-0037,Primal Rage,League of Legends,Rocket League,MOBA,607.0,174.0,2013,EU,United Kingdom,English,2,1521.0,3.0,Amateur,348.0,66.0,24.6,0.0,0.0,Discord,False
COM-0039,Equinox Force,CS2,World of Warcraft,FPS,2338.0,1228.0,2023,OC,Australia,English,0,3916.0,3.0,Semi-Pro,1303.0,623.0,23.1,0.0,2.0,Discord,False
COM-0041,Broken Arrow_real,Rocket League,None,Sports,164.0,89.0,2016,Unknown,United States,Spanish,0,7434.0,4.0,Amateur,134.0,34.0,25.9,0.0,2.0,Discord,False
COM-0042,War Hammer,CS2,League of Legends,FPS,13712.0,3220.0,2018,Unknown,United States,English,0,5267.0,6.0,Semi-Pro,7141.0,1017.0,14.0,2.0,3.0,Twitter/X,False
COM-0043,Starfall,Tekken 8,Apex Legends,Fighting,1873.0,782.0,2024,EU,France,Spanish,5,3612.0,2.0,Semi-Pro,1601.0,375.0,29.6,0.0,4.0,Discord,False
COM-0044,Black Ops Unit,Apex Legends,None,Battle Royale,289.0,153.0,2019,EU,Poland,German,0,3612.0,1.0,Amateur,273.0,0.0,14.0,0.0,0.0,Discord,False
COM-0047,Warp Riders,League of Legends,Tekken 8,MOBA,11475.0,1956.0,2019,EU,Sweden,English,6,5179.0,5.0,Semi-Pro,9886.0,3076.0,26.6,2.0,0.0,Twitter/X,False
COM-0048,Desert Fox,League of Legends,None,MOBA,803.0,374.0,2023,OC,Australia,English,6,5179.0,3.0,Semi-Pro,427.0,0.0,25.0,2.0,1.0,Twitch,False
COM-0050,Crossfire Unit,Smite,League of Legends,MOBA,191.0,128.0,2020,AS,South Korea,English,0,9843.0,2.0,Amateur,81.0,0.0,24.1,0.0,0.0,Discord,False
COM-0051,Havoc Unit,Rocket League,None,Sports,210.0,110.0,2024,Unknown,United States,English,0,4174.0,1.0,Amateur,178.0,29.0,22.4,0.0,2.0,Twitter/X,False
COM-0053,Iron Sharks,World of Warcraft,Tekken 8,MMORPG,3074.0,926.0,2010,SA,Brazil,Portuguese,1,4174.0,2.0,Semi-Pro,1684.0,831.0,32.6,2.0,1.0,YouTube,False
COM-0054,Solar Ascent,Valorant,Call of Duty: Warzone,FPS,10459.0,2863.0,2020,Unknown,United States,Spanish,0,4174.0,6.0,Semi-Pro,6265.0,0.0,22.9,0.0,5.0,Discord,False
COM-0055,Input Lag,Valorant,None,FPS,50.0,18.0,2021,EU,Sweden,English,0,2536.0,2.0,Amateur,50.0,15.0,22.7,0.0,0.0,YouTube,False
COM-0056,Typhoon,World of Warcraft,None,MMORPG,3839.0,1285.0,2021,EU,Spain,Russian,0,2536.0,3.0,Semi-Pro,1906.0,0.0,27.3,0.0,0.0,Discord,False
COM-0057,Momentum Pack,Fortnite,Valorant,Battle Royale,595.0,279.0,2018,SA,Colombia,Spanish,3,2536.0,1.0,Semi-Pro,480.0,49.0,22.0,2.0,4.0,Reddit,False
COM-0058,Ghost Wolves,CS2,None,FPS,508.0,202.0,2015,AS,China,Chinese,0,2536.0,4.0,Amateur,271.0,0.0,26.4,0.0,0.0,YouTube,False
COM-0059,Viper Strike,Dota 2,Overwatch 2,MOBA,58.0,38.0,2020,SA,Brazil,Portuguese,0,2536.0,1.0,Amateur,50.0,0.0,23.0,0.0,1.0,Discord,False
COM-0060,Phantom Strike,CS2,None,FPS,50.0,23.0,2024,Unknown,Mexico,Spanish,0,2536.0,2.0,Amateur,50.0,0.0,22.2,0.0,0.0,Discord,False
COM-0061,Impact Wolves,Valorant,PUBG: Battlegrounds,FPS,652.0,271.0,2020,EU,Russia,English,2,2536.0,4.0,Amateur,429.0,82.0,22.0,0.0,2.0,YouTube,False
COM-0062,Dragon Scale,Call of Duty: Warzone,None,FPS,754.0,263.0,2021,AF,Saudi Arabia,English,0,4249.0,4.0,Amateur,393.0,243.0,19.1,0.0,0.0,YouTube,False
COM-0063,Ghost Protocol,Valorant,Final Fantasy XIV,FPS,50.0,18.0,2020,SA,Chile,Portuguese,4,8099.0,3.0,Semi-Pro,50.0,10.0,22.6,2.0,1.0,Reddit,False
COM-0064,Dusk Raiders,Rainbow Six Siege,StarCraft II,FPS,637.0,305.0,2020,AS,Japan,Chinese,0,8099.0,2.0,Amateur,449.0,159.0,15.7,0.0,2.0,Discord,False
COM-0065,Sky Wolves,Dota 2,Rainbow Six Siege,MOBA,13592.0,3900.0,2023,Unknown,United States,English,7,4183.0,0.0,Semi-Pro,10625.0,0.0,22.6,1.0,0.0,Reddit,False
COM-0066,Arcane Brotherhood,Rocket League,None,Sports,3994.0,1059.0,2023,SA,Brazil,Portuguese,0,8550.0,5.0,Semi-Pro,2008.0,0.0,16.5,0.0,1.0,Twitch,False
COM-0067,Plateau Riders,Smite,None,MOBA,1875.0,680.0,2016,EU,Germany,German,0,8550.0,3.0,Amateur,952.0,142.0,19.6,0.0,1.0,Discord,False
COM-0068,Savage Storm,Rainbow Six Siege,Call of Duty: Warzone,FPS,117.0,82.0,2016,AS,Japan,Chinese,3,5904.0,2.0,Semi-Pro,102.0,0.0,29.3,0.0,5.0,Discord,False
COM-0069,Shadow Reapers,Overwatch 2,None,FPS,330.0,86.0,2022,SA,Argentina,Portuguese,0,8762.0,3.0,Amateur,144.0,0.0,20.5,0.0,1.0,Discord,False
COM-0070,Helix Hunters,League of Legends,CS2,MOBA,7782.0,2466.0,2021,AF,Egypt,Arabic,0,1889.0,4.0,Semi-Pro,5162.0,1247.0,23.8,2.0,3.0,Discord,False
COM-0071,Spike Rush,Rainbow Six Siege,Dota 2,FPS,235.0,129.0,2018,EU,Sweden,English,0,9123.0,2.0,Amateur,158.0,0.0,27.9,0.0,2.0,Discord,False
COM-0072,Crystal Spire,Overwatch 2,Call of Duty: Warzone,FPS,102.0,42.0,2016,SA,Colombia,Portuguese,0,8748.0,2.0,Amateur,56.0,0.0,24.8,0.0,2.0,Discord,False
COM-0073,Eclipse Hunters,Overwatch 2,None,FPS,5950.0,1927.0,2021,Unknown,Canada,English,6,393.0,2.0,Professional,2574.0,458.0,17.3,3.0,12.0,Twitch,False
COM-0074,Eclipse Hunters,Street Fighter 6,Tekken 8,Fighting,1265.0,408.0,2023,EU,Russia,Russian,0,3097.0,3.0,Amateur,1167.0,212.0,26.1,0.0,2.0,Twitter/X,False
COM-0075,Neon Surge,Street Fighter 6,PUBG: Battlegrounds,Fighting,7339.0,1265.0,2023,Unknown,Mexico,English,0,2060.0,5.0,Semi-Pro,6002.0,717.0,14.1,0.0,5.0,Reddit,False
COM-0076,Solstice Squad,Apex Legends,League of Legends,Battle Royale,922.0,379.0,2019,AS,South Korea,Chinese,2,2060.0,1.0,Amateur,400.0,0.0,23.2,0.0,0.0,Discord,False
COM-0077,Velocity,Rocket League,None,Sports,440.0,222.0,2020,AS,Japan,Chinese,8,4659.0,3.0,Semi-Pro,247.0,0.0,24.1,0.0,2.0,Discord,False
COM-0078,Dark Matter,Valorant,StarCraft II,FPS,207.0,93.0,2020,EU,Germany,English,0,1029.0,2.0,Amateur,145.0,21.0,21.7,0.0,2.0,Reddit,False
COM-0079,Forest Wolves,PUBG: Battlegrounds,Rainbow Six Siege,Battle Royale,19467.0,3384.0,2017,AS,Japan,English,0,1029.0,5.0,Professional,10386.0,0.0,19.9,2.0,6.0,Discord,False
COM-0080,Storm Hawks,Apex Legends,PUBG: Battlegrounds,Battle Royale,1777.0,646.0,2019,EU,Russia,Spanish,0,4999.0,2.0,Amateur,1553.0,0.0,25.0,0.0,0.0,Discord,False
COM-0081,Stellar Blaze,Overwatch 2,Street Fighter 6,FPS,170.0,119.0,2016,EU,Russia,Russian,0,4603.0,4.0,Amateur,123.0,0.0,22.0,0.0,2.0,Discord,False
COM-0083,Warpath,Final Fantasy XIV,Dota 2,MMORPG,15277.0,5303.0,2017,AS,China,Korean,0,286.0,4.0,Professional,8725.0,0.0,27.0,2.0,9.0,Reddit,False
COM-0084,Orbital Strike,Valorant,Rainbow Six Siege,FPS,581.0,246.0,2020,Unknown,Canada,Spanish,0,5734.0,3.0,Amateur,448.0,84.0,16.0,0.0,0.0,YouTube,False
COM-0086,Sky Titans,CS2,Rocket League,FPS,374.0,149.0,2016,SA,Brazil,Portuguese,0,5734.0,2.0,Amateur,227.0,106.0,16.3,0.0,1.0,Discord,False
COM-0087,Shadow Council,Fortnite,None,Battle Royale,1486.0,671.0,2024,EU,Netherlands,Russian,3,5734.0,4.0,Semi-Pro,0.0,0.0,22.5,2.0,3.0,Twitter/X,False
COM-0088,Emerald Legion,CS2,Street Fighter 6,FPS,50.0,31.0,2024,SA,Chile,Spanish,5,5734.0,2.0,Semi-Pro,50.0,0.0,20.6,2.0,2.0,YouTube,False
COM-0089,Night Stalker,Rocket League,Apex Legends,Sports,500.0,104.0,2019,EU,Russia,English,7,5734.0,4.0,Semi-Pro,457.0,0.0,25.5,2.0,2.0,Reddit,False
COM-0092,Pale Riders,Fortnite,None,Battle Royale,443.0,257.0,2020,EU,Spain,French,0,564.0,2.0,Amateur,197.0,69.0,22.6,0.0,1.0,Discord,False
COM-0093,Antimatter Legion,League of Legends,None,MOBA,3071.0,1034.0,2018,EU,Netherlands,English,0,564.0,0.0,Semi-Pro,2372.0,1007.0,18.8,1.0,5.0,Twitch,False
COM-0094,Sakura Blades,Call of Duty: Warzone,Valorant,FPS,2733.0,923.0,2020,Unknown,Canada,English,0,564.0,5.0,Semi-Pro,1373.0,189.0,24.3,2.0,5.0,Twitch,False
COM-0095,Rustic Raiders,World of Warcraft,Valorant,MMORPG,8541.0,2486.0,2019,Unknown,United States,Spanish,0,564.0,2.0,Semi-Pro,6795.0,0.0,31.8,2.0,0.0,Discord,False
COM-0096,Phantom Legion,Rocket League,StarCraft II,Sports,899.0,239.0,2019,SA,Brazil,Spanish,0,1840.0,1.0,Amateur,491.0,74.0,22.8,0.0,0.0,YouTube,False
COM-0097,Thunder Clan,Valorant,None,FPS,2378.0,1248.0,2020,AS,China,Chinese,0,1840.0,5.0,Semi-Pro,1363.0,0.0,16.2,1.0,2.0,Twitch,False
COM-0098,Crimson Dragon,Rainbow Six Siege,Street Fighter 6,FPS,572.0,212.0,2017,Unknown,United States,English,0,1840.0,4.0,Amateur,342.0,0.0,20.8,0.0,2.0,Discord,False
COM-0099,Raider Nation,Overwatch 2,Final Fantasy XIV,FPS,481.0,172.0,2016,EU,Germany,French,0,1840.0,0.0,Amateur,212.0,0.0,17.8,0.0,1.0,Discord,False
COM-0100,Specter Division,League of Legends,Dota 2,MOBA,158.0,60.0,2022,AS,China,Chinese,6,2401.0,3.0,Semi-Pro,90.0,51.0,23.7,1.0,0.0,Discord,False
COM-0101,Frost Legion,Overwatch 2,World of Warcraft,FPS,187.0,129.0,2018,AF,Egypt,Arabic,0,2401.0,2.0,Amateur,117.0,0.0,19.9,0.0,0.0,Reddit,False
COM-0102,Rapid Fire,Fortnite,League of Legends,Battle Royale,498.0,309.0,2018,Unknown,Canada,Spanish,2,1424.0,2.0,Amateur,231.0,122.0,17.1,0.0,2.0,Discord,False
COM-0103,Neon Eagles,Rainbow Six Siege,Final Fantasy XIV,FPS,286.0,155.0,2018,Unknown,United States,English,0,3078.0,1.0,Amateur,241.0,67.0,16.8,0.0,0.0,Discord,False
COM-0104,Rune Masters,League of Legends,Rocket League,MOBA,550.0,272.0,2022,Unknown,United States,English,8,3078.0,0.0,Semi-Pro,486.0,154.0,27.4,0.0,5.0,Discord,False
COM-0105,Crimson Pact,PUBG: Battlegrounds,Apex Legends,Battle Royale,2003.0,576.0,2019,EU,Netherlands,English,4,3078.0,4.0,Semi-Pro,1653.0,232.0,25.5,0.0,2.0,Twitch,False
COM-0108,Chaos Legion,World of Warcraft,None,MMORPG,2596.0,1362.0,2021,Unknown,United States,English,1,1138.0,4.0,Semi-Pro,1133.0,465.0,33.2,0.0,2.0,Discord,False
COM-0109,Hellstorm,Call of Duty: Warzone,Rocket League,FPS,3185.0,1104.0,2020,AS,China,Korean,0,441.0,2.0,Semi-Pro,2364.0,0.0,19.9,2.0,5.0,YouTube,False
COM-0110,Solar Wings,Dota 2,None,MOBA,8936.0,2204.0,2018,SA,Brazil,Portuguese,0,441.0,3.0,Semi-Pro,7546.0,1888.0,26.4,2.0,5.0,Discord,False
COM-0111,Silent Killers,PUBG: Battlegrounds,None,Battle Royale,400.0,254.0,2017,Unknown,United States,Spanish,0,441.0,3.0,Amateur,349.0,46.0,21.2,0.0,0.0,Discord,False
COM-0112,Wild Fire,Apex Legends,Fortnite,Battle Royale,811.0,348.0,2019,Unknown,United States,English,0,441.0,3.0,Amateur,535.0,43.0,19.7,0.0,1.0,Discord,False
COM-0113,Fallen Angels,Dota 2,Fortnite,MOBA,31155.0,5584.0,2012,Unknown,Canada,Spanish,0,441.0,3.0,Professional,19820.0,0.0,25.8,1.0,14.0,Reddit,False
COM-0114,Titan Fall,Rocket League,Overwatch 2,Sports,282.0,110.0,2012,EU,Sweden,German,5,2546.0,2.0,Semi-Pro,227.0,34.0,24.3,2.0,2.0,Discord,False
COM-0115,Void Reapers,Valorant,Smite,FPS,265.0,167.0,2020,OC,Australia,English,5,2546.0,4.0,Semi-Pro,111.0,33.0,18.5,1.0,5.0,Twitch,False
COM-0116,Tidal Wave,Rainbow Six Siege,PUBG: Battlegrounds,FPS,51.0,31.0,2022,EU,Sweden,Spanish,6,2546.0,4.0,Semi-Pro,50.0,10.0,22.8,1.0,1.0,Discord,False
COM-0117,Abyssal Lords,Apex Legends,Smite,Battle Royale,255.0,119.0,2022,EU,Germany,French,5,2546.0,3.0,Semi-Pro,220.0,60.0,24.2,1.0,0.0,Discord,False
COM-0118,Blood Ravens,World of Warcraft,Tekken 8,MMORPG,357.0,196.0,2023,EU,United Kingdom,Russian,0,2546.0,2.0,Amateur,305.0,0.0,34.3,0.0,0.0,Discord,False
COM-0119,Blizzard Hawks,PUBG: Battlegrounds,Tekken 8,Battle Royale,52801.0,11612.0,2017,AS,Taiwan,Chinese,0,434.0,0.0,Professional,34607.0,8428.0,23.5,3.0,5.0,YouTube,False
COM-0121,Frost Bite,Apex Legends,Dota 2,Battle Royale,1344.0,472.0,2019,Unknown,United States,English,3,434.0,3.0,Semi-Pro,919.0,0.0,18.7,1.0,0.0,Discord,False
COM-0122,Pulse Nation,Rainbow Six Siege,None,FPS,68819.35999999994,23727.0,2016,AS,China,Japanese,0,434.0,4.0,Elite,95596.0,0.0,19.7,8.0,28.0,Twitch,False
COM-0123,Pyro Clan,World of Warcraft,Valorant,MMORPG,190.0,85.0,2015,Unknown,Mexico,English,0,4276.0,4.0,Amateur,89.0,0.0,22.6,0.0,2.0,Reddit,False
COM-0124,Arctic Fury,World of Warcraft,None,MMORPG,50.0,28.0,2015,AF,Saudi Arabia,English,0,468.0,3.0,Amateur,50.0,10.0,28.8,0.0,2.0,Discord,False
COM-0125,Cosmos Legion,Apex Legends,None,Battle Royale,306.0,115.0,2019,Unknown,Mexico,Spanish,6,468.0,3.0,Semi-Pro,233.0,0.0,20.4,0.0,3.0,Discord,False
COM-0126,Feral Instinct,Dota 2,Smite,MOBA,2903.0,1339.0,2022,AF,Nigeria,English,5,468.0,5.0,Semi-Pro,1359.0,515.0,22.9,1.0,4.0,YouTube,False
COM-0127,Noble Guard,League of Legends,None,MOBA,660.0,284.0,2022,Unknown,Mexico,English,0,5861.0,2.0,Amateur,357.0,129.0,23.2,0.0,2.0,Discord,False
COM-0128,Polar Bears,Valorant,Rocket League,FPS,818.0,387.0,2022,Unknown,Canada,English,6,943.0,2.0,Professional,380.0,0.0,22.3,3.0,12.0,YouTube,False
COM-0129,Steel Phoenix,Tekken 8,Rainbow Six Siege,Fighting,99.0,66.0,2024,OC,Australia,English,0,1264.0,3.0,Amateur,50.0,11.0,22.6,0.0,0.0,Discord,False
COM-0130,Kinetic Energy,Call of Duty: Warzone,StarCraft II,FPS,356.0,197.0,2020,SA,Brazil,Portuguese,0,1264.0,2.0,Amateur,209.0,69.0,26.9,0.0,0.0,Discord,False
COM-0131,Steel Vanguard,League of Legends,PUBG: Battlegrounds,MOBA,106.0,34.0,2021,Unknown,United States,English,0,1264.0,2.0,Amateur,50.0,0.0,22.1,0.0,1.0,Discord,False
COM-0132,Blade Storm,Dota 2,StarCraft II,MOBA,6606.0,867.0,2021,EU,Russia,Spanish,6,1264.0,3.0,Professional,3811.0,1145.0,20.1,3.0,10.0,Discord,False
COM-0133,Canyon Dragons,Overwatch 2,Call of Duty: Warzone,FPS,543.0,245.0,2020,Unknown,United States,Spanish,0,8907.0,4.0,Amateur,493.0,0.0,21.7,0.0,0.0,Discord,False
COM-0134,Ghost Fire,Valorant,PUBG: Battlegrounds,FPS,650.0,289.0,2022,AS,Singapore,Korean,0,406.0,4.0,Amateur,416.0,88.0,23.4,0.0,0.0,Twitch,False
COM-0135,Raven Guard,CS2,None,FPS,275.0,100.0,2015,Unknown,United States,English,4,406.0,4.0,Semi-Pro,142.0,0.0,15.7,2.0,2.0,Discord,False
COM-0136,Raging Tempest,Apex Legends,None,Battle Royale,352.0,180.0,2024,AS,China,Korean,3,6050.0,2.0,Semi-Pro,0.0,0.0,28.2,1.0,2.0,Twitter/X,False
COM-0137,Dark Current,Valorant,None,FPS,225.0,87.0,2020,SA,Colombia,Spanish,0,6050.0,2.0,Amateur,170.0,0.0,21.8,0.0,1.0,Twitch,False
COM-0138,Comet Strike,Smite,Apex Legends,MOBA,1170.0,501.0,2018,OC,Australia,English,0,8870.0,2.0,Amateur,667.0,315.0,21.6,0.0,2.0,Reddit,False
COM-0139,Iron Fist,Valorant,None,FPS,822.0,226.0,2021,EU,United Kingdom,Russian,0,9051.0,3.0,Amateur,361.0,0.0,21.3,0.0,2.0,Discord,False
COM-0140,Thunder Hawks,Overwatch 2,Apex Legends,FPS,1697.0,538.0,2017,EU,United Kingdom,Spanish,0,6132.0,1.0,Amateur,0.0,368.0,26.2,0.0,0.0,Twitch,False
COM-0141,Lunar Wolves,CS2,World of Warcraft,FPS,291.0,199.0,2022,SA,Brazil,Portuguese,0,5476.0,4.0,Amateur,241.0,95.0,17.4,0.0,1.0,Reddit,False
COM-0142,Gorge Wolves,Fortnite,Tekken 8,Battle Royale,144.0,93.0,2019,EU,Denmark,English,0,5476.0,4.0,Amateur,92.0,45.0,25.8,0.0,1.0,Discord,False
COM-0143,Quantum Pact,Rocket League,Final Fantasy XIV,Sports,570.0,246.0,2016,EU,Sweden,French,2,5553.0,4.0,Amateur,361.0,182.0,28.5,0.0,2.0,Discord,False
COM-0144,Crimson Claw,League of Legends,CS2,MOBA,5088.0,1259.0,2016,EU,Spain,English,7,3603.0,5.0,Semi-Pro,4269.0,1568.0,26.3,0.0,1.0,Discord,False
COM-0146,Ember Knights,Call of Duty: Warzone,Rocket League,FPS,1256.0,719.0,2020,Unknown,United States,English,0,6891.0,4.0,Amateur,724.0,415.0,21.9,0.0,1.0,Discord,False
COM-0147,Pixel Knights,Fortnite,Smite,Battle Royale,303.0,117.0,2021,Unknown,United States,Spanish,0,3179.0,4.0,Amateur,286.0,31.0,25.4,0.0,1.0,Discord,False
COM-0148,Crystal Vanguard,Rocket League,None,Sports,179.0,107.0,2016,Unknown,United States,English,4,3179.0,3.0,Semi-Pro,78.0,25.0,22.6,1.0,3.0,Discord,False
COM-0150,Blaze Unit,Call of Duty: Warzone,Smite,FPS,2176.0,673.0,2020,EU,Denmark,English,0,1890.0,0.0,Semi-Pro,1294.0,521.0,27.0,2.0,2.0,Discord,False
COM-0151,Thermal Force,Rocket League,None,Sports,114.0,77.0,2024,SA,Brazil,Portuguese,0,9691.0,4.0,Amateur,94.0,23.0,27.8,0.0,1.0,Reddit,False
COM-0152,Iron Ravens,CS2,None,FPS,13360.0,4262.0,2019,AS,China,Chinese,8,5144.0,3.0,Professional,11890.0,0.0,23.7,2.0,6.0,Discord,False
COM-0153,Phantom Wolves,Street Fighter 6,StarCraft II,Fighting,832.0,348.0,2023,Unknown,United States,Spanish,4,5144.0,4.0,Semi-Pro,528.0,0.0,22.4,0.0,2.0,Twitch,False
COM-0154,Omega Storm,Fortnite,None,Battle Royale,50.0,30.0,2024,Unknown,Mexico,Spanish,0,1984.0,4.0,Amateur,50.0,10.0,22.5,0.0,1.0,Discord,False
COM-0156,Onyx Legion,Rainbow Six Siege,League of Legends,FPS,69.0,21.0,2017,Unknown,Mexico,Spanish,0,1984.0,1.0,Amateur,62.0,23.0,21.2,0.0,0.0,Discord,False
COM-0157,Night Vision,League of Legends,Street Fighter 6,MOBA,270.0,76.0,2022,Unknown,United States,English,8,1984.0,0.0,Semi-Pro,216.0,83.0,22.9,1.0,0.0,Discord,False
COM-0159,Peak Vanguard,CS2,World of Warcraft,FPS,107.0,63.0,2024,Unknown,United States,English,9,1984.0,4.0,Semi-Pro,75.0,0.0,29.5,1.0,1.0,Twitter/X,False
COM-0160,Event Horizon,Dota 2,None,MOBA,29642.0,8478.0,2015,AS,South Korea,Chinese,7,1984.0,5.0,Professional,27837.0,9399.0,29.7,3.0,3.0,Discord,False
COM-0162,Digital Wolves,Overwatch 2,League of Legends,FPS,118.0,62.0,2019,SA,Colombia,Portuguese,0,5644.0,3.0,Amateur,100.0,10.0,21.1,0.0,2.0,Twitter/X,False
COM-0163,Wild Charge,Fortnite,Rocket League,Battle Royale,4822.0,1767.0,2021,AS,Japan,Korean,0,5644.0,4.0,Semi-Pro,3125.0,1182.0,17.9,0.0,1.0,Discord,False
COM-0164,Syndicate X,CS2,World of Warcraft,FPS,271.0,172.0,2024,EU,Russia,English,4,5644.0,3.0,Semi-Pro,208.0,54.0,18.9,1.0,1.0,Discord,False
COM-0165,Blue Flame,Rocket League,Apex Legends,Sports,434.0,233.0,2021,AF,Turkey,English,0,5644.0,1.0,Amateur,204.0,0.0,19.1,0.0,0.0,Discord,False
COM-0166,Quasar Force,PUBG: Battlegrounds,CS2,Battle Royale,1351.0,507.0,2020,EU,Poland,Spanish,0,711.0,4.0,Amateur,1144.0,0.0,20.1,0.0,2.0,Twitter/X,False
COM-0167,Blaze Runners,CS2,World of Warcraft,FPS,509.0,159.0,2020,Unknown,United States,Spanish,14,711.0,2.0,Professional,350.0,0.0,22.8,2.0,6.0,Twitch,False
COM-0168,Vortex,Rocket League,Fortnite,Sports,47742.0,10874.0,2018,OC,Australia,English,4,1592.0,6.0,Professional,39034.0,8824.0,29.2,1.0,0.0,Discord,False
COM-0169,Inferno,Rainbow Six Siege,Street Fighter 6,FPS,78.0,44.0,2021,AS,Japan,Chinese,0,5606.0,3.0,Amateur,63.0,20.0,19.5,0.0,0.0,Discord,False
COM-0170,Shattered Glass,Valorant,StarCraft II,FPS,12225.0,3950.0,2020,Unknown,United States,English,0,5606.0,5.0,Semi-Pro,11096.0,0.0,22.5,2.0,0.0,Discord,False
COM-0171,Titan Breakers,PUBG: Battlegrounds,StarCraft II,Battle Royale,224.0,155.0,2019,AS,South Korea,Korean,7,561.0,1.0,Professional,111.0,77.0,25.6,1.0,13.0,Twitch,False
COM-0172,Thunderclap,Apex Legends,None,Battle Royale,408.0,273.0,2021,EU,Netherlands,English,0,5039.0,4.0,Amateur,272.0,101.0,16.1,0.0,1.0,YouTube,False
COM-0173,Frame Drop,Final Fantasy XIV,Apex Legends,MMORPG,376.0,193.0,2020,OC,Australia,English,0,6076.0,0.0,Amateur,206.0,25.0,34.6,0.0,0.0,Discord,False
COM-0174,Retake Squad,League of Legends,CS2,MOBA,88.0,40.0,2018,AS,Japan,Chinese,5,6076.0,4.0,Semi-Pro,50.0,21.0,21.4,2.0,5.0,Discord,False
COM-0175,Neon Phoenix,CS2,Rocket League,FPS,321.0,167.0,2020,AS,Japan,Korean,0,6076.0,2.0,Amateur,212.0,53.0,20.4,0.0,1.0,Twitter/X,False
COM-0176,Midnight Protocol,Dota 2,None,MOBA,56.0,20.0,2019,AF,South Africa,Arabic,0,7524.0,3.0,Amateur,50.0,14.0,21.6,0.0,1.0,Discord,False
COM-0177,Crimson Dawn,Final Fantasy XIV,Dota 2,MMORPG,1584.0,757.0,2013,Unknown,United States,English,0,7524.0,3.0,Amateur,888.0,532.0,33.4,0.0,1.0,Twitter/X,False
COM-0178,Nebula Wolves,Fortnite,Overwatch 2,Battle Royale,1976.0,445.0,2018,EU,Netherlands,Russian,3,3399.0,3.0,Semi-Pro,1201.0,133.0,14.0,2.0,1.0,Twitch,False
COM-0179,Axiom Legion,CS2,Rocket League,FPS,518.0,244.0,2020,EU,Netherlands,French,0,3399.0,3.0,Amateur,342.0,0.0,21.8,0.0,2.0,Discord,False
COM-0180,Cold Blooded,PUBG: Battlegrounds,Rocket League,Battle Royale,106.0,77.0,2017,AS,Taiwan,Korean,0,2476.0,1.0,Amateur,84.0,25.0,27.3,0.0,1.0,Discord,False
COM-0181,Hyper Drive,Rainbow Six Siege,StarCraft II,FPS,63.0,33.0,2016,AS,China,Korean,0,3384.0,1.0,Amateur,50.0,0.0,23.0,0.0,1.0,Discord,False
COM-0182,Azure Titans,PUBG: Battlegrounds,Apex Legends,Battle Royale,702.0,359.0,2017,Unknown,Mexico,English,0,3384.0,2.0,Amateur,660.0,134.0,21.4,0.0,0.0,Discord,False
COM-0183,Eclipse Corps,Overwatch 2,Dota 2,FPS,290.0,152.0,2016,EU,Denmark,French,8,4723.0,2.0,Semi-Pro,176.0,96.0,20.7,2.0,2.0,YouTube,False
COM-0184,Desert Storm,Fortnite,PUBG: Battlegrounds,Battle Royale,151.0,57.0,2020,AS,Japan,Chinese,0,5261.0,2.0,Amateur,85.0,14.0,19.7,0.0,2.0,Discord,False
COM-0185,Rush B Collective,Dota 2,Fortnite,MOBA,318.0,206.0,2020,EU,Sweden,English,0,5261.0,3.0,Amateur,291.0,0.0,25.4,0.0,1.0,YouTube,False
COM-0186,Fury Road,Rocket League,Overwatch 2,Sports,80.0,42.0,2018,SA,Argentina,Portuguese,0,5261.0,0.0,Amateur,74.0,0.0,17.6,0.0,0.0,Discord,False
COM-0187,Pulsar Pack,Valorant,Fortnite,FPS,1306.0,580.0,2021,Unknown,Canada,English,0,5261.0,4.0,Amateur,1237.0,372.0,19.6,0.0,2.0,Twitter/X,False
COM-0188,Latency Kings,Rainbow Six Siege,Dota 2,FPS,121.0,60.0,2022,AF,Nigeria,English,4,5261.0,1.0,Semi-Pro,52.0,41.0,21.2,0.0,3.0,Reddit,False
COM-0189,Hyper Wolves,Overwatch 2,Street Fighter 6,FPS,131.0,43.0,2016,EU,France,English,4,2607.0,2.0,Semi-Pro,103.0,0.0,26.1,1.0,3.0,Discord,False
COM-0190,Shockwave,StarCraft II,None,Strategy,318.0,104.0,2021,EU,Denmark,Spanish,0,2607.0,2.0,Amateur,253.0,0.0,20.1,0.0,0.0,Reddit,False
COM-0191,Titanfall,PUBG: Battlegrounds,None,Battle Royale,260.0,128.0,2022,SA,Argentina,Spanish,3,4218.0,1.0,Semi-Pro,200.0,0.0,19.6,0.0,4.0,Discord,False
COM-0192,Phoenix Rising,League of Legends,PUBG: Battlegrounds,MOBA,1065.0,399.0,2013,AS,Japan,Japanese,0,1256.0,2.0,Amateur,789.0,165.0,21.0,0.0,0.0,Twitter/X,False
COM-0193,Hyper Crest,League of Legends,None,MOBA,360.0,175.0,2019,Unknown,Canada,Spanish,0,4692.0,2.0,Amateur,232.0,0.0,38.3,0.0,0.0,Discord,False
COM-0194,Photon Pact,Dota 2,Fortnite,MOBA,422.0,181.0,2017,Unknown,Canada,English,0,6162.0,1.0,Amateur,0.0,136.0,22.4,0.0,2.0,Discord,False
COM-0195,Omega Force,Call of Duty: Warzone,League of Legends,FPS,294.0,99.0,2020,SA,Colombia,Portuguese,0,5859.0,3.0,Amateur,235.0,100.0,17.9,0.0,2.0,Discord,False
COM-0196,Spray Control,Overwatch 2,None,FPS,2674.0,1303.0,2020,EU,Russia,French,8,5859.0,5.0,Semi-Pro,1362.0,460.0,16.7,0.0,4.0,Discord,False
COM-0199,Summit Guard,Apex Legends,Rocket League,Battle Royale,1870.0,730.0,2019,AS,Taiwan,Korean,0,2797.0,3.0,Amateur,1317.0,527.0,15.8,0.0,1.0,Discord,False
COM-0200,Venom Squad,CS2,PUBG: Battlegrounds,FPS,178.0,119.0,2017,AS,Japan,Chinese,9,5135.0,1.0,Professional,85.0,24.0,19.5,3.0,4.0,Twitter/X,False
COM-0201,Flux Order,CS2,PUBG: Battlegrounds,FPS,123.0,51.0,2015,EU,Russia,Russian,9,5135.0,2.0,Semi-Pro,54.0,0.0,18.2,2.0,0.0,YouTube,False
COM-0202,Neutron Wolves,Rainbow Six Siege,None,FPS,5377.0,1177.0,2020,SA,Brazil,Spanish,0,5135.0,2.0,Semi-Pro,4060.0,1213.0,14.7,0.0,0.0,Discord,False
COM-0203,Dark Horizon,Apex Legends,None,Battle Royale,50.0,32.0,2019,OC,Australia,English,0,6000.0,3.0,Amateur,50.0,0.0,23.6,0.0,1.0,Twitter/X,False
COM-0204,Round Winners,Dota 2,None,MOBA,232.0,98.0,2024,EU,Netherlands,Spanish,9,6000.0,3.0,Semi-Pro,108.0,40.0,23.7,0.0,0.0,Twitter/X,False
COM-0206,Night Crawlers,Overwatch 2,Apex Legends,FPS,1020.0,467.0,2020,EU,United Kingdom,Russian,0,1125.0,3.0,Amateur,961.0,287.0,25.9,0.0,1.0,Discord,False
COM-0207,Bright Star,Dota 2,None,MOBA,753.0,273.0,2012,AS,South Korea,Chinese,7,5334.0,2.0,Semi-Pro,499.0,0.0,23.5,2.0,5.0,Discord,False
COM-0208,Crest Predators,Rainbow Six Siege,CS2,FPS,245.0,147.0,2019,SA,Brazil,Spanish,0,6974.0,2.0,Amateur,193.0,50.0,21.4,0.0,1.0,Discord,False
COM-0209,Solar Flare,Smite,Rocket League,MOBA,207.0,110.0,2014,OC,Australia,English,0,5079.0,4.0,Amateur,89.0,0.0,22.6,0.0,2.0,Discord,False
COM-0210,Iron Throne,Fortnite,PUBG: Battlegrounds,Battle Royale,9256.0,3163.0,2018,Unknown,Mexico,English,2,5079.0,0.0,Semi-Pro,5259.0,0.0,24.2,1.0,1.0,Twitch,False
COM-0212,Gravity Wave,Tekken 8,Rocket League,Fighting,1025.0,531.0,2024,AF,Nigeria,Arabic,0,5079.0,3.0,Amateur,0.0,235.0,31.8,0.0,2.0,Reddit,False
COM-0213,Nova Strikers,Rainbow Six Siege,Call of Duty: Warzone,FPS,8754.0,1683.0,2020,AS,Taiwan,Japanese,0,5079.0,0.0,Semi-Pro,8225.0,0.0,20.5,2.0,0.0,Discord,False
COM-0214,Iron Phoenix,Apex Legends,League of Legends,Battle Royale,33494.0,11475.0,2019,EU,France,Russian,0,582.0,5.0,Professional,14590.0,0.0,22.6,4.0,13.0,Reddit,False
COM-0215,Ping Warriors,Fortnite,Tekken 8,Battle Royale,279.0,125.0,2018,Unknown,Canada,English,0,9232.0,3.0,Amateur,218.0,85.0,22.6,0.0,0.0,Reddit,False
COM-0217,Morning Star,CS2,None,FPS,174.0,78.0,2023,AS,Taiwan,Chinese,0,3551.0,2.0,Amateur,0.0,21.0,20.3,0.0,1.0,Reddit,False
COM-0218,Dawn Patrol,Dota 2,Street Fighter 6,MOBA,372.0,152.0,2018,EU,Spain,German,0,2432.0,2.0,Amateur,287.0,0.0,30.1,0.0,1.0,Discord,False
COM-0219,Prism Warriors,League of Legends,Apex Legends,MOBA,587.0,292.0,2024,Unknown,Mexico,English,0,2432.0,2.0,Amateur,276.0,0.0,18.5,0.0,0.0,YouTube,False
COM-0220,Dark Fire,Street Fighter 6,None,Fighting,4475.0,1366.0,2023,AF,South Africa,Arabic,0,2432.0,2.0,Semi-Pro,2751.0,1329.0,22.6,2.0,0.0,Twitch,False
COM-0222,Anchor Hold,Fortnite,Street Fighter 6,Battle Royale,394.0,187.0,2022,Unknown,United States,English,0,3300.0,2.0,Amateur,318.0,0.0,19.6,0.0,0.0,Discord,False
COM-0223,Mesa Reapers,Overwatch 2,None,FPS,9904.0,1798.0,2016,SA,Argentina,Portuguese,2,3300.0,4.0,Semi-Pro,5626.0,0.0,27.5,1.0,0.0,Discord,False
COM-0224,Cipher Squad,Valorant,Call of Duty: Warzone,FPS,329.0,109.0,2020,EU,Netherlands,French,0,5197.0,4.0,Amateur,199.0,0.0,25.8,0.0,2.0,Discord,False
COM-0225,Omega Squad,CS2,Rocket League,FPS,106.0,57.0,2016,AS,South Korea,English,0,8164.0,3.0,Amateur,90.0,20.0,28.6,0.0,2.0,Twitch,False
COM-0226,Cyclone,Dota 2,Street Fighter 6,MOBA,137.0,58.0,2019,EU,Spain,English,4,2620.0,3.0,Semi-Pro,99.0,45.0,29.0,2.0,3.0,Discord,False
COM-0227,Burning Fist,Apex Legends,None,Battle Royale,636.0,338.0,2019,Unknown,United States,English,3,2620.0,1.0,Semi-Pro,599.0,0.0,18.2,2.0,2.0,Discord,False
COM-0228,Void Storm,Fortnite,Valorant,Battle Royale,287.0,212.0,2018,EU,Russia,German,5,2320.0,1.0,Semi-Pro,244.0,85.0,26.1,2.0,5.0,Reddit,False
COM-0229,Delta Squad,Rainbow Six Siege,Final Fantasy XIV,FPS,194.0,84.0,2016,AS,South Korea,Chinese,7,3161.0,1.0,Semi-Pro,97.0,29.0,16.1,0.0,3.0,Discord,False
COM-0230,Crimson Comet,League of Legends,Overwatch 2,MOBA,122.0,61.0,2024,AS,China,Japanese,0,3161.0,3.0,Amateur,100.0,0.0,22.6,0.0,2.0,Discord,False
COM-0231,Aurora Clan,Overwatch 2,StarCraft II,FPS,1907.0,920.0,2023,Unknown,Mexico,English,7,8280.0,3.0,Semi-Pro,1804.0,0.0,22.7,0.0,3.0,Discord,False
COM-0232,Blizzard Force,Tekken 8,Fortnite,Fighting,1574.0,838.0,2024,Unknown,United States,English,0,8280.0,4.0,Amateur,971.0,0.0,17.2,0.0,0.0,Discord,False
COM-0233,Entropy Squad,Valorant,League of Legends,FPS,1767.0,721.0,2020,AS,Taiwan,Chinese,0,8280.0,3.0,Amateur,741.0,235.0,20.3,0.0,1.0,Discord,False
COM-0234,Revenant Order,Overwatch 2,Call of Duty: Warzone,FPS,94.0,53.0,2017,OC,Australia,English,4,6448.0,2.0,Semi-Pro,68.0,0.0,22.4,2.0,4.0,Discord,False
COM-0235,Cerberus Pack,Valorant,Call of Duty: Warzone,FPS,1305.0,551.0,2020,Unknown,Canada,English,0,6448.0,4.0,Amateur,883.0,174.0,23.3,0.0,0.0,Discord,False
COM-0236,Thunderbolt,Valorant,CS2,FPS,318.0,179.0,2020,OC,Australia,English,0,6448.0,4.0,Amateur,192.0,36.0,26.6,0.0,0.0,Reddit,False
COM-0237,Bright Moon,World of Warcraft,None,MMORPG,55.0,23.0,2008,EU,Spain,German,0,1956.0,4.0,Amateur,50.0,10.0,26.0,0.0,2.0,Twitter/X,False
COM-0239,Null Pointer,League of Legends,None,MOBA,77.0,42.0,2013,EU,United Kingdom,French,5,1956.0,4.0,Semi-Pro,63.0,10.0,26.0,2.0,4.0,Discord,False
COM-0240,Alpha Predators,Dota 2,CS2,MOBA,1141.0,349.0,2021,AS,South Korea,Japanese,0,1956.0,4.0,Amateur,555.0,0.0,29.9,0.0,1.0,Discord,False
COM-0241,Storm Surge,League of Legends,None,MOBA,1594.0,516.0,2016,EU,Sweden,English,0,1956.0,2.0,Amateur,685.0,296.0,14.5,0.0,2.0,Discord,False
COM-0242,Carbon Fiber,Call of Duty: Warzone,StarCraft II,FPS,1489.0,802.0,2021,EU,Netherlands,English,0,6515.0,1.0,Amateur,767.0,0.0,18.7,0.0,1.0,Discord,False
COM-0243,Elemental Force,Valorant,League of Legends,FPS,919.0,279.0,2023,SA,Colombia,Portuguese,0,9679.0,2.0,Amateur,835.0,0.0,24.3,0.0,2.0,Reddit,False
COM-0244,Pinnacle Blaze,Valorant,League of Legends,FPS,2936.0,1153.0,2020,EU,Sweden,German,0,3611.0,2.0,Semi-Pro,2005.0,373.0,21.2,0.0,2.0,Reddit,False
COM-0245,Dark Wolves,Valorant,None,FPS,3302.0,1281.0,2020,AS,Taiwan,Korean,0,5216.0,4.0,Semi-Pro,0.0,0.0,22.2,2.0,0.0,Discord,False
COM-0246,Zenith Pact,Fortnite,None,Battle Royale,57.0,19.0,2019,EU,United Kingdom,Spanish,3,8044.0,4.0,Semi-Pro,50.0,0.0,16.9,2.0,2.0,Twitch,False
COM-0247,Eclipse Hunters,Rainbow Six Siege,League of Legends,FPS,8982.0,3050.0,2016,OC,New Zealand,English,7,8044.0,3.0,Semi-Pro,0.0,887.0,21.0,2.0,0.0,Discord,False
COM-0249,Recoil Kings,Dota 2,None,MOBA,135.0,54.0,2020,SA,Brazil,Portuguese,0,8044.0,4.0,Amateur,0.0,0.0,26.4,0.0,2.0,Twitch,False
COM-0250,Cobalt Guard,Dota 2,None,MOBA,241.0,127.0,2019,EU,Russia,French,2,8044.0,4.0,Amateur,129.0,61.0,23.9,0.0,0.0,Discord,False
COM-0251,Blazing Arrows,Overwatch 2,Call of Duty: Warzone,FPS,50.0,23.0,2022,SA,Colombia,Spanish,7,8044.0,4.0,Semi-Pro,50.0,0.0,20.0,0.0,2.0,Reddit,False
COM-0252,Nova League,Apex Legends,League of Legends,Battle Royale,2587.0,752.0,2019,AF,Nigeria,Arabic,3,8044.0,5.0,Semi-Pro,2283.0,446.0,19.8,2.0,1.0,Twitch,False
COM-0253,Nexus Warriors,Apex Legends,Rocket League,Battle Royale,201.0,134.0,2019,Unknown,United States,English,0,8044.0,4.0,Amateur,164.0,63.0,18.2,0.0,1.0,Discord,False
COM-0254,Pacific Fury,Call of Duty: Warzone,Overwatch 2,FPS,705.0,335.0,2020,AS,Japan,Chinese,0,8044.0,4.0,Amateur,580.0,0.0,23.8,0.0,1.0,Twitter/X,False
COM-0255,Phantom Army,Call of Duty: Warzone,World of Warcraft,FPS,50.0,21.0,2020,EU,Netherlands,Spanish,7,5897.0,4.0,Semi-Pro,50.0,10.0,20.1,2.0,0.0,Discord,False
COM-0256,Nitro Wolves,Rocket League,World of Warcraft,Sports,347.0,143.0,2022,SA,Brazil,Spanish,0,5897.0,1.0,Amateur,193.0,0.0,25.5,0.0,2.0,Twitter/X,False
COM-0257,Arcane Wolves,Valorant,StarCraft II,FPS,61.0,27.0,2021,OC,Australia,English,0,5897.0,4.0,Amateur,50.0,10.0,24.2,0.0,0.0,YouTube,False
COM-0258,Storm Front,CS2,Apex Legends,FPS,228.0,112.0,2021,SA,Brazil,Portuguese,0,5897.0,3.0,Amateur,175.0,0.0,21.2,0.0,0.0,Discord,False
COM-0259,Frost Warriors,Valorant,None,FPS,205.0,116.0,2020,Unknown,United States,English,0,5025.0,3.0,Amateur,86.0,0.0,27.5,0.0,0.0,Discord,False
COM-0260,Frozen North,Call of Duty: Warzone,None,FPS,768.0,427.0,2022,EU,Russia,Russian,5,5025.0,2.0,Semi-Pro,559.0,170.0,22.6,0.0,3.0,Discord,False
COM-0262,Hellfire,Valorant,StarCraft II,FPS,2428.0,1142.0,2023,EU,Russia,Russian,8,4037.0,2.0,Semi-Pro,1604.0,0.0,20.3,1.0,4.0,Discord,False
COM-0263,Iron Wolves,Rainbow Six Siege,League of Legends,FPS,561.0,262.0,2017,SA,Brazil,Spanish,0,7614.0,0.0,Amateur,442.0,0.0,22.6,0.0,0.0,Discord,False
COM-0264,Clutch Factor,League of Legends,PUBG: Battlegrounds,MOBA,281.0,111.0,2023,Unknown,Canada,English,9,6062.0,4.0,Semi-Pro,256.0,39.0,22.1,2.0,5.0,Twitter/X,False
COM-0265,Speed Demons,Overwatch 2,None,FPS,448.0,192.0,2023,AF,Nigeria,Arabic,0,6062.0,3.0,Amateur,343.0,79.0,21.6,0.0,2.0,YouTube,False
COM-0266,Raging Bulls,World of Warcraft,None,MMORPG,916.0,432.0,2018,Unknown,United States,English,0,8826.0,1.0,Amateur,458.0,186.0,30.6,0.0,1.0,Discord,False
COM-0267,Iron Tide,Rocket League,League of Legends,Sports,611.0,213.0,2020,AF,South Africa,English,0,8826.0,2.0,Amateur,345.0,0.0,27.8,0.0,0.0,Discord,False
COM-0268,Byte Force,Tekken 8,Valorant,Fighting,1923.0,927.0,2024,SA,Brazil,Spanish,0,4469.0,3.0,Amateur,1802.0,0.0,23.2,0.0,0.0,Discord,False
COM-0269,Ace Pack,Rocket League,StarCraft II,Sports,237.0,154.0,2024,EU,United Kingdom,English,0,4469.0,4.0,Amateur,155.0,0.0,26.4,0.0,1.0,Discord,False
COM-0270,Neon Riders,League of Legends,None,MOBA,374.0,216.0,2023,AS,South Korea,Korean,0,3226.0,1.0,Amateur,0.0,0.0,19.6,0.0,0.0,Discord,False
COM-0271,Neon Wolves,Valorant,Final Fantasy XIV,FPS,50.0,28.0,2024,EU,Sweden,English,9,2242.0,2.0,Semi-Pro,0.0,0.0,21.8,2.0,3.0,Discord,False
COM-0272,Thundercats,Street Fighter 6,None,Fighting,202.0,97.0,2023,Unknown,United States,English,4,2242.0,1.0,Semi-Pro,165.0,62.0,22.6,0.0,4.0,Discord,False
COM-0273,Lunar Strike,Dota 2,Rocket League,MOBA,417.0,232.0,2019,AS,China,English,0,9525.0,4.0,Amateur,0.0,141.0,23.2,0.0,1.0,Reddit,False
COM-0274,Flash Clan,Valorant,CS2,FPS,126.0,59.0,2020,Unknown,United States,Spanish,0,9525.0,4.0,Amateur,56.0,10.0,22.5,0.0,0.0,Discord,False
COM-0275,Turbo Knights,Apex Legends,None,Battle Royale,1757.0,929.0,2019,EU,Russia,German,0,9525.0,3.0,Amateur,985.0,0.0,23.0,0.0,2.0,Discord,False
COM-0276,Sunfire,Rainbow Six Siege,StarCraft II,FPS,68819.35999999994,14589.0,2019,Unknown,United States,English,9,6513.0,5.0,Elite,65740.0,18023.0,26.3,3.0,16.0,Discord,False
COM-0278,Solar Monks,Apex Legends,Overwatch 2,Battle Royale,284.0,106.0,2019,AS,Japan,Korean,0,6513.0,3.0,Amateur,232.0,55.0,25.6,0.0,1.0,Twitch,False
COM-0279,Packet Loss,Fortnite,None,Battle Royale,1061.0,453.0,2018,EU,Denmark,Spanish,0,6513.0,4.0,Amateur,749.0,240.0,22.4,0.0,0.0,YouTube,False
COM-0280,Thunder Legion,Call of Duty: Warzone,None,FPS,60.0,34.0,2021,EU,Sweden,English,0,6513.0,1.0,Amateur,50.0,0.0,17.6,0.0,0.0,Discord,False
COM-0281,Pixel Storm,Valorant,None,FPS,975.0,296.0,2020,Unknown,Mexico,Spanish,0,6513.0,2.0,Amateur,0.0,148.0,21.4,0.0,0.0,Discord,False
COM-0282,Gold Rush,Rocket League,CS2,Sports,483.0,272.0,2017,SA,Colombia,Portuguese,5,3131.0,4.0,Semi-Pro,0.0,0.0,22.6,1.0,0.0,Twitter/X,False
COM-0283,Midnight Blade,League of Legends,Rainbow Six Siege,MOBA,73.0,25.0,2014,AF,South Africa,Arabic,0,4939.0,4.0,Amateur,50.0,20.0,22.6,0.0,1.0,Discord,False
COM-0284,Flick Masters,World of Warcraft,Rocket League,MMORPG,50.0,23.0,2021,EU,France,English,0,4939.0,1.0,Amateur,50.0,12.0,37.9,0.0,0.0,Discord,False
COM-0285,Galaxy Pact,Rocket League,PUBG: Battlegrounds,Sports,51.0,31.0,2016,SA,Argentina,Portuguese,0,4939.0,1.0,Amateur,0.0,10.0,18.2,0.0,2.0,Twitch,False
COM-0286,Ember Storm,Dota 2,Tekken 8,MOBA,164.0,84.0,2021,AS,South Korea,Chinese,0,4939.0,1.0,Amateur,112.0,0.0,19.7,0.0,0.0,Discord,False
COM-0287,Reaper Crew,League of Legends,CS2,MOBA,371.0,192.0,2020,AS,Singapore,Japanese,3,5997.0,3.0,Semi-Pro,159.0,22.0,19.3,0.0,1.0,YouTube,False
COM-0288,War Eagles,StarCraft II,Fortnite,Strategy,201.0,115.0,2016,EU,Russia,English,0,4016.0,2.0,Amateur,177.0,0.0,29.5,0.0,1.0,Reddit,False
COM-0289,Neon Flash,Street Fighter 6,PUBG: Battlegrounds,Fighting,117.0,46.0,2023,AS,Singapore,Japanese,0,5988.0,1.0,Amateur,82.0,35.0,20.3,0.0,0.0,Reddit,False
COM-0290,Entry Fraggers,CS2,Street Fighter 6,FPS,81.0,42.0,2021,EU,Poland,French,6,3306.0,1.0,Semi-Pro,50.0,23.0,21.2,2.0,3.0,Discord,False
COM-0291,Dark Energy,Apex Legends,CS2,Battle Royale,280.0,97.0,2019,AF,Saudi Arabia,Arabic,1,3306.0,4.0,Amateur,199.0,0.0,25.0,0.0,1.0,Discord,False
COM-0292,Primal Rage,Rocket League,StarCraft II,Sports,4247.0,2103.0,2023,EU,Spain,English,0,1583.0,2.0,Semi-Pro,2874.0,464.0,25.0,0.0,5.0,Discord,False
COM-0293,Void Walkers,Final Fantasy XIV,Dota 2,MMORPG,127.0,69.0,2015,OC,Australia,English,0,9576.0,4.0,Amateur,75.0,0.0,32.5,0.0,2.0,Twitch,False
COM-0295,Phantom Drift,Dota 2,Final Fantasy XIV,MOBA,233.0,128.0,2015,AS,Taiwan,Japanese,7,1225.0,2.0,Professional,108.0,45.0,22.1,1.0,2.0,Discord,False
COM-0296,Broken Arrow,Fortnite,None,Battle Royale,718.0,300.0,2018,AS,Taiwan,Korean,0,4781.0,4.0,Amateur,586.0,189.0,22.1,0.0,0.0,Discord,False
COM-0297,War Hammer,PUBG: Battlegrounds,None,Battle Royale,469.0,284.0,2017,SA,Argentina,Spanish,0,8966.0,1.0,Amateur,363.0,107.0,22.2,0.0,2.0,Twitch,False
COM-0298,Starfall,Rainbow Six Siege,PUBG: Battlegrounds,FPS,8531.0,2422.0,2017,Unknown,United States,English,0,8686.0,2.0,Semi-Pro,7743.0,0.0,19.1,2.0,3.0,Discord,False
COM-0299,Black Ops Unit,Valorant,None,FPS,1306.0,460.0,2017,SA,Argentina,Spanish,0,8686.0,1.0,Amateur,590.0,0.0,19.9,0.0,1.0,YouTube,False
COM-0300,Ragebolt,CS2,None,FPS,266.0,125.0,2015,AS,Singapore,English,6,4547.0,3.0,Semi-Pro,236.0,21.0,25.9,1.0,0.0,Discord,False
COM-0301,Wallbang Society,Apex Legends,Call of Duty: Warzone,Battle Royale,18092.0,2741.0,2015,AF,Egypt,English,0,1687.0,6.0,Professional,0.0,6151.0,23.6,4.0,14.0,YouTube,False
COM-0302,Warp Riders,CS2,Apex Legends,FPS,43068.0,12593.0,2015,Unknown,Mexico,Spanish,0,2509.0,3.0,Professional,39706.0,0.0,18.8,1.0,12.0,Discord,False
COM-0304,Burst Mode,CS2,None,FPS,509.0,202.0,2024,EU,Germany,Russian,0,2509.0,4.0,Amateur,361.0,57.0,21.5,0.0,2.0,Twitch,False
COM-0305,Crossfire Unit,Fortnite,Rocket League,Battle Royale,439.0,208.0,2018,Unknown,Mexico,English,2,7543.0,4.0,Amateur,371.0,0.0,16.1,0.0,2.0,Discord,False
COM-0306,Havoc Unit,Fortnite,Final Fantasy XIV,Battle Royale,959.0,328.0,2019,Unknown,Canada,English,3,5686.0,2.0,Semi-Pro,643.0,0.0,21.1,2.0,1.0,Discord,False
COM-0308,Iron Sharks,Final Fantasy XIV,StarCraft II,MMORPG,50.0,30.0,2022,AF,Saudi Arabia,Arabic,0,465.0,2.0,Amateur,50.0,0.0,29.0,0.0,1.0,Discord,False
COM-0309,Solar Ascent,Valorant,Apex Legends,FPS,361.0,235.0,2022,Unknown,Canada,English,0,465.0,1.0,Amateur,322.0,31.0,23.1,0.0,2.0,Reddit,False
COM-0310,Input Lag,Smite,Street Fighter 6,MOBA,6230.0,2373.0,2014,AS,Japan,Japanese,0,465.0,4.0,Semi-Pro,4845.0,0.0,27.4,0.0,3.0,Discord,False
COM-0311,Typhoon,Valorant,World of Warcraft,FPS,330.0,235.0,2021,EU,Russia,Spanish,8,262.0,4.0,Semi-Pro,264.0,0.0,16.8,1.0,1.0,Discord,False
COM-0312,Momentum Pack,Rainbow Six Siege,None,FPS,795.0,404.0,2016,SA,Argentina,Spanish,12,5539.0,3.0,Semi-Pro,0.0,0.0,19.6,1.0,0.0,Twitch,False
COM-0313,Ghost Wolves,Rainbow Six Siege,Street Fighter 6,FPS,674.0,303.0,2021,EU,Russia,Russian,0,5713.0,3.0,Amateur,416.0,149.0,23.5,0.0,2.0,Twitch,False
COM-0314,Viper Strike,Valorant,Call of Duty: Warzone,FPS,242.0,111.0,2020,Unknown,United States,Spanish,5,2652.0,1.0,Semi-Pro,214.0,0.0,25.2,1.0,3.0,Discord,False
COM-0315,Phantom Strike,Fortnite,None,Battle Royale,2270.0,917.0,2020,Unknown,United States,English,0,2652.0,5.0,Semi-Pro,1113.0,268.0,22.9,1.0,1.0,Twitch,False
COM-0316,Impact Wolves,Smite,None,MOBA,3440.0,1166.0,2020,SA,Chile,Portuguese,0,1338.0,3.0,Semi-Pro,2958.0,0.0,23.0,1.0,2.0,Discord,False
COM-0317,Dragon Scale,Dota 2,StarCraft II,MOBA,135.0,56.0,2012,SA,Colombia,Portuguese,0,1939.0,3.0,Amateur,64.0,23.0,22.6,0.0,2.0,Reddit,False
COM-0318,Ghost Protocol,Call of Duty: Warzone,Rainbow Six Siege,FPS,1240.0,445.0,2020,OC,Australia,English,0,1939.0,1.0,Amateur,883.0,0.0,25.9,0.0,1.0,Discord,False
COM-0319,Dusk Raiders,World of Warcraft,None,MMORPG,1879.0,565.0,2020,AF,Egypt,English,0,1033.0,2.0,Amateur,0.0,436.0,30.8,0.0,0.0,Reddit,False
COM-0320,Sky Wolves,Valorant,Tekken 8,FPS,312.0,143.0,2024,SA,Brazil,Portuguese,4,3287.0,4.0,Semi-Pro,185.0,103.0,20.5,0.0,3.0,Discord,False
COM-0321,Arcane Brotherhood,Fortnite,None,Battle Royale,35466.0,13284.0,2021,AS,Taiwan,Korean,8,4128.0,5.0,Professional,24258.0,0.0,22.6,1.0,3.0,Discord,False
COM-0322,Plateau Riders,CS2,League of Legends,FPS,15173.0,5670.0,2021,EU,United Kingdom,English,0,4128.0,3.0,Professional,7829.0,827.0,24.4,2.0,10.0,Discord,False
COM-0323,Savage Storm,Tekken 8,None,Fighting,67.0,27.0,2024,SA,Brazil,Portuguese,7,4128.0,4.0,Semi-Pro,50.0,10.0,27.7,2.0,2.0,YouTube,False
COM-0324,Shadow Reapers,Valorant,Street Fighter 6,FPS,483.0,342.0,2021,Unknown,United States,English,0,4128.0,4.0,Amateur,226.0,73.0,14.0,0.0,2.0,Discord,False
COM-0325,Helix Hunters,Call of Duty: Warzone,League of Legends,FPS,919.0,230.0,2021,EU,Netherlands,Spanish,0,4128.0,1.0,Amateur,502.0,0.0,25.1,0.0,1.0,Discord,False
COM-0326,Spike Rush,Dota 2,Overwatch 2,MOBA,68819.35999999994,13865.0,2012,AF,South Africa,Arabic,12,204.0,5.0,Elite,43002.0,21209.0,25.6,6.0,9.0,Discord,False
COM-0327,Crystal Spire,Fortnite,Rocket League,Battle Royale,748.0,172.0,2018,AS,Singapore,English,0,3630.0,1.0,Amateur,321.0,0.0,21.1,0.0,1.0,Reddit,False
COM-0328,Steel Nerves,Valorant,None,FPS,7674.0,1539.0,2022,EU,Poland,Russian,0,3630.0,2.0,Semi-Pro,4513.0,0.0,19.3,2.0,4.0,Discord,False
COM-0329,Alpha Pack,Fortnite,None,Battle Royale,1802.0,1010.0,2024,EU,Poland,German,0,1734.0,2.0,Amateur,807.0,610.0,17.1,0.0,0.0,Twitter/X,False
COM-0330,Neon Surge,Tekken 8,CS2,Fighting,8595.0,927.0,2024,Unknown,United States,Spanish,0,5643.0,2.0,Semi-Pro,0.0,0.0,26.4,1.0,5.0,Discord,False
COM-0331,Solstice Squad,Valorant,None,FPS,77.0,48.0,2023,EU,France,English,0,7056.0,4.0,Amateur,50.0,23.0,20.8,0.0,2.0,Discord,False
COM-0332,Velocity,Valorant,PUBG: Battlegrounds,FPS,251.0,118.0,2021,EU,Russia,English,0,7056.0,4.0,Amateur,238.0,0.0,23.8,0.0,1.0,Discord,False
COM-0334,Forest Wolves,Valorant,League of Legends,FPS,446.0,209.0,2020,SA,Chile,Portuguese,3,7853.0,4.0,Semi-Pro,359.0,0.0,27.3,0.0,0.0,Discord,False
COM-0335,Storm Hawks,PUBG: Battlegrounds,None,Battle Royale,152.0,75.0,2017,Unknown,United States,English,0,7853.0,1.0,Amateur,84.0,0.0,23.4,0.0,2.0,Discord,False
COM-0336,Stellar Blaze,Rainbow Six Siege,League of Legends,FPS,331.0,193.0,2016,AS,Singapore,Chinese,0,7853.0,1.0,Amateur,179.0,101.0,25.0,0.0,0.0,Discord,False
COM-0337,Rogue Nation,Fortnite,None,Battle Royale,121.0,61.0,2021,AS,Taiwan,Korean,0,4076.0,2.0,Amateur,80.0,18.0,24.2,0.0,0.0,Discord,False
COM-0338,Warpath,Final Fantasy XIV,League of Legends,MMORPG,242.0,131.0,2020,OC,Australia,English,0,6285.0,1.0,Amateur,215.0,79.0,32.3,0.0,1.0,Discord,False
COM-0339,Orbital Strike,Valorant,Dota 2,FPS,1026.0,324.0,2020,SA,Brazil,Spanish,0,3598.0,1.0,Amateur,526.0,0.0,22.4,0.0,1.0,Reddit,False
COM-0341,Sky Titans,League of Legends,None,MOBA,1034.0,367.0,2018,Unknown,Mexico,English,0,1608.0,2.0,Amateur,861.0,157.0,26.2,0.0,1.0,Discord,False
COM-0342,Shadow Council,Fortnite,None,Battle Royale,585.0,311.0,2021,AS,South Korea,Korean,2,1608.0,2.0,Amateur,380.0,0.0,25.9,0.0,1.0,Twitter/X,False
COM-0343,Emerald Legion,Valorant,Dota 2,FPS,6137.0,2051.0,2022,Unknown,United States,Spanish,0,1608.0,4.0,Semi-Pro,5462.0,0.0,23.6,2.0,1.0,Twitter/X,False
COM-0344,Night Stalker,CS2,World of Warcraft,FPS,4913.0,2514.0,2019,Unknown,United States,English,6,1608.0,4.0,Semi-Pro,2647.0,0.0,22.6,1.0,0.0,Discord,False
COM-0345,Sand Vipers,CS2,Overwatch 2,FPS,2673.0,1306.0,2019,Unknown,United States,Spanish,15,1608.0,5.0,Professional,1111.0,208.0,21.7,3.0,9.0,Twitter/X,False
COM-0346,Stardust Guild,Smite,None,MOBA,1106.0,373.0,2019,AS,South Korea,English,0,8611.0,3.0,Amateur,655.0,353.0,22.6,0.0,1.0,Twitter/X,False
COM-0347,Pale Riders,Call of Duty: Warzone,PUBG: Battlegrounds,FPS,299.0,120.0,2022,Unknown,Canada,English,2,6489.0,4.0,Amateur,232.0,96.0,25.5,0.0,0.0,YouTube,False
COM-0348,Antimatter Legion,Overwatch 2,None,FPS,1270.0,585.0,2020,Unknown,United States,English,0,3379.0,3.0,Amateur,727.0,0.0,21.1,0.0,2.0,Discord,False
COM-0349,Sakura Blades,Rainbow Six Siege,CS2,FPS,160.0,98.0,2018,EU,Netherlands,Russian,5,4422.0,3.0,Semi-Pro,136.0,17.0,18.0,0.0,2.0,Reddit,False
COM-0350,Rustic Raiders,Rocket League,None,Sports,131.0,71.0,2016,EU,United Kingdom,Spanish,0,4422.0,2.0,Amateur,107.0,0.0,24.8,0.0,1.0,Discord,False
COM-0351,Phantom Legion,Fortnite,Tekken 8,Battle Royale,2277.0,1140.0,2018,Unknown,United States,Spanish,2,4422.0,5.0,Semi-Pro,1924.0,0.0,20.5,2.0,5.0,Discord,False
COM-0352,Thunder Clan,Overwatch 2,Final Fantasy XIV,FPS,1228.0,431.0,2021,AS,South Korea,Chinese,0,4883.0,2.0,Amateur,591.0,141.0,17.8,0.0,0.0,Reddit,False
COM-0353,Crimson Dragon,Dota 2,Tekken 8,MOBA,709.0,204.0,2016,EU,Netherlands,Spanish,0,9050.0,1.0,Amateur,431.0,0.0,21.3,0.0,2.0,Discord,False
COM-0355,Specter Division,Apex Legends,Dota 2,Battle Royale,2313.0,899.0,2019,EU,Russia,Russian,0,6210.0,4.0,Semi-Pro,0.0,396.0,24.1,2.0,3.0,Discord,False
COM-0356,Frost Legion,Fortnite,PUBG: Battlegrounds,Battle Royale,50.0,33.0,2019,AS,China,Korean,0,6210.0,1.0,Amateur,50.0,0.0,18.8,0.0,1.0,Discord,False
COM-0357,Rapid Fire,Valorant,World of Warcraft,FPS,54.0,25.0,2020,EU,Spain,German,9,6210.0,1.0,Semi-Pro,50.0,0.0,20.7,1.0,0.0,Reddit,False
COM-0358,Neon Eagles,Dota 2,Apex Legends,MOBA,56.0,35.0,2020,EU,Russia,English,8,6210.0,1.0,Semi-Pro,50.0,15.0,23.4,2.0,0.0,Discord,False
COM-0359,Rune Masters,StarCraft II,Valorant,Strategy,657.0,191.0,2018,SA,Colombia,Portuguese,0,6210.0,3.0,Amateur,404.0,100.0,25.7,0.0,1.0,Discord,False
COM-0360,Crimson Pact,Rainbow Six Siege,None,FPS,467.0,328.0,2018,Unknown,Canada,English,7,89.0,2.0,Semi-Pro,427.0,0.0,19.9,2.0,5.0,Twitch,False
COM-0361,Gravity Well,Overwatch 2,StarCraft II,FPS,19692.0,4245.0,2020,Unknown,Mexico,English,0,89.0,5.0,Professional,8924.0,0.0,22.2,1.0,8.0,Discord,False
COM-0362,Red Storm,League of Legends,Rainbow Six Siege,MOBA,1231.0,403.0,2015,AS,Japan,Korean,0,3253.0,2.0,Amateur,1001.0,0.0,24.6,0.0,1.0,YouTube,False
COM-0363,Chaos Legion,StarCraft II,None,Strategy,211.0,65.0,2018,Unknown,United States,Spanish,0,3253.0,2.0,Amateur,86.0,38.0,26.5,0.0,0.0,Discord,False
COM-0364,Hellstorm,Fortnite,None,Battle Royale,430.0,341.0,2020,AF,Turkey,English,9,3253.0,4.0,Semi-Pro,297.0,0.0,25.8,1.0,4.0,Reddit,False
COM-0365,Solar Wings,Apex Legends,None,Battle Royale,449.0,168.0,2021,Unknown,United States,English,0,3398.0,4.0,Amateur,282.0,40.0,25.6,0.0,2.0,Discord,False
COM-0366,Silent Killers,CS2,Valorant,FPS,89.0,41.0,2020,AS,Japan,Chinese,0,3005.0,3.0,Amateur,55.0,0.0,21.7,0.0,1.0,Discord,False
COM-0367,Wild Fire,Rocket League,Smite,Sports,1415.0,377.0,2024,OC,Australia,English,6,3005.0,2.0,Semi-Pro,1132.0,73.0,28.9,0.0,5.0,Discord,False
COM-0368,Fallen Angels,Call of Duty: Warzone,None,FPS,531.0,215.0,2023,SA,Colombia,Spanish,0,3005.0,2.0,Amateur,232.0,0.0,15.6,0.0,2.0,Twitch,False
COM-0369,Titan Fall,Fortnite,None,Battle Royale,50.0,24.0,2019,EU,United Kingdom,English,0,1189.0,2.0,Amateur,50.0,0.0,22.6,0.0,2.0,Discord,False
COM-0370,Void Reapers,Smite,None,MOBA,119.0,44.0,2020,OC,New Zealand,English,0,1189.0,1.0,Amateur,50.0,0.0,22.7,0.0,0.0,Discord,False
COM-0372,Abyssal Lords,Apex Legends,League of Legends,Battle Royale,633.0,231.0,2019,AS,Singapore,Chinese,5,1189.0,1.0,Semi-Pro,0.0,140.0,22.9,0.0,3.0,YouTube,False
COM-0374,Blizzard Hawks,Overwatch 2,Smite,FPS,253.0,155.0,2021,Unknown,United States,English,0,2994.0,3.0,Amateur,160.0,85.0,23.5,0.0,1.0,Discord,False
COM-0375,Golden Eagles,League of Legends,None,MOBA,272.0,147.0,2013,SA,Brazil,Spanish,4,324.0,3.0,Semi-Pro,243.0,78.0,28.3,0.0,3.0,YouTube,False
COM-0376,Frost Bite,CS2,Rocket League,FPS,708.0,285.0,2016,EU,Germany,Spanish,8,876.0,2.0,Semi-Pro,663.0,0.0,25.6,2.0,3.0,Discord,False
COM-0377,Pulse Nation,Apex Legends,Rainbow Six Siege,Battle Royale,507.0,282.0,2019,AS,South Korea,Korean,3,4726.0,2.0,Semi-Pro,466.0,0.0,21.7,0.0,1.0,Discord,False
COM-0378,Pyro Clan,Street Fighter 6,Call of Duty: Warzone,Fighting,73.0,37.0,2024,AS,Taiwan,Japanese,0,4693.0,1.0,Amateur,50.0,0.0,26.0,0.0,2.0,Reddit,False
COM-0379,Arctic Fury,Rocket League,None,Sports,1728.0,571.0,2016,AS,Singapore,Korean,0,4693.0,3.0,Amateur,1306.0,586.0,17.4,0.0,1.0,Discord,False
COM-0380,Cosmos Legion,Overwatch 2,Rainbow Six Siege,FPS,206.0,88.0,2016,EU,Denmark,English,0,4693.0,1.0,Amateur,93.0,51.0,20.7,0.0,0.0,Twitch,False
COM-0382,Noble Guard,PUBG: Battlegrounds,None,Battle Royale,5971.0,1474.0,2019,Unknown,United States,English,3,3733.0,5.0,Semi-Pro,0.0,2082.0,24.6,1.0,4.0,Reddit,False
COM-0386,Steel Vanguard,Rocket League,None,Sports,1853.0,903.0,2019,EU,Netherlands,German,7,3733.0,1.0,Semi-Pro,1129.0,133.0,25.3,0.0,3.0,Discord,False
COM-0387,Blade Storm,CS2,StarCraft II,FPS,80.0,36.0,2015,AF,Egypt,Arabic,0,9665.0,3.0,Amateur,60.0,23.0,22.3,0.0,2.0,Discord,False
COM-0388,Canyon Dragons,CS2,Valorant,FPS,1079.0,430.0,2021,Unknown,United States,English,0,9665.0,3.0,Amateur,1021.0,69.0,22.6,0.0,0.0,Discord,False
COM-0389,Ghost Fire,Rainbow Six Siege,None,FPS,820.0,378.0,2023,OC,Australia,English,7,5117.0,1.0,Semi-Pro,512.0,259.0,19.9,1.0,3.0,Discord,False
COM-0390,Raven Guard,Street Fighter 6,None,Fighting,58240.0,12437.0,2023,Unknown,Mexico,Spanish,0,6879.0,7.0,Professional,35297.0,15616.0,20.6,3.0,4.0,Twitch,False
COM-0391,Raging Tempest,League of Legends,None,MOBA,510.0,146.0,2017,SA,Argentina,Portuguese,0,6879.0,3.0,Amateur,399.0,52.0,22.6,0.0,0.0,Discord,False
COM-0392,Dark Current,Final Fantasy XIV,Tekken 8,MMORPG,1623.0,781.0,2020,AS,Singapore,Chinese,0,5086.0,2.0,Amateur,0.0,400.0,24.6,0.0,1.0,Discord,False
COM-0393,Comet Strike,Call of Duty: Warzone,CS2,FPS,14577.0,4811.0,2020,SA,Argentina,Portuguese,0,1173.0,0.0,Semi-Pro,11423.0,1276.0,24.4,2.0,4.0,Discord,False
COM-0394,Iron Fist,Valorant,PUBG: Battlegrounds,FPS,50.0,26.0,2020,EU,United Kingdom,Russian,0,1173.0,3.0,Amateur,50.0,15.0,18.6,0.0,2.0,Discord,False
COM-0395,Thunder Hawks,Rainbow Six Siege,None,FPS,181.0,117.0,2022,Unknown,Canada,English,3,1173.0,1.0,Semi-Pro,75.0,0.0,20.7,1.0,4.0,Reddit,False
COM-0396,Lunar Wolves,Dota 2,Overwatch 2,MOBA,4035.0,1897.0,2024,AF,Egypt,Arabic,7,7251.0,2.0,Semi-Pro,0.0,330.0,22.6,0.0,4.0,Reddit,False
COM-0397,Gorge Wolves,CS2,Call of Duty: Warzone,FPS,104.0,39.0,2024,Unknown,Canada,English,0,7251.0,2.0,Amateur,65.0,0.0,22.6,0.0,2.0,Discord,False
COM-0398,Quantum Pact,Call of Duty: Warzone,None,FPS,419.0,177.0,2020,SA,Brazil,Portuguese,0,7251.0,2.0,Amateur,299.0,145.0,22.4,0.0,1.0,Twitch,False
COM-0399,Crimson Claw,World of Warcraft,Tekken 8,MMORPG,1304.0,480.0,2023,Unknown,Canada,English,1,7251.0,1.0,Amateur,1143.0,0.0,22.6,0.0,0.0,Twitch,False
COM-0400,Tundra Pack,Apex Legends,Dota 2,Battle Royale,60.0,34.0,2019,EU,Russia,Russian,0,4422.0,2.0,Amateur,50.0,0.0,23.4,0.0,0.0,Reddit,False
